BLOCK_TIMESTAMP,BLOCK_ID,TX_ID,SIGNERS,SUCCEEDED,INDEX,EVENT_TYPE,PROGRAM_ID,INSTRUCTION,INNER_INSTRUCTION,FACT_EVENTS_ID,INSERTED_TIMESTAMP,MODIFIED_TIMESTAMP
2023-01-02 21:18:56.000,170504600,5gKJnuWCEdxtryYv9KtZPA6ejLfh6HuX5xvsJ741Mg84i1H8tdZNeCRY44d85S2SvAQdi47w2s5ziY7tt4GQ9eRT,"[""HfeFy4G9r77iyeXdbfNJjYw4z3NPEKDL6YQh3JzJ9s9f""]",true,5,"null",FsJ3A3u2vn5cTVofAjvy6y5kwABJAqYWpe4975bi2epH,"{""accounts"":[""HfeFy4G9r77iyeXdbfNJjYw4z3NPEKDL6YQh3JzJ9s9f"",""m24crrKFG5jw5ySpvb1k83PRFKVUgzTRm4uvK2WYZtX"",""SysvarC1ock11111111111111111111111111111111""],""data"":""6mJFQCt94hG4CKNYKgVcwdsaDGwBN3z1apYikfo3Ss6HExyFcjYWmV"",""programId"":""FsJ3A3u2vn5cTVofAjvy6y5kwABJAqYWpe4975bi2epH""}","null",b2aca40babf99750a2051bb4a98308ec,2000-01-01 00:00:00.000,2000-01-01 00:00:00.000
2023-01-02 20:56:50.000,170502114,ZXD9YtFuEaNVudePLkow9bbLwQxYk6XdwxMowuLkCUesG41q33Kih2E6YTdrHJmjp5cLWX8Rm6EdmieHj8bdHPf,"[""JTmFx5zX9mM94itfk2nQcJnQQDPjcv4UPD7SYj6xDCV""]",true,8,"null",FsJ3A3u2vn5cTVofAjvy6y5kwABJAqYWpe4975bi2epH,"{""accounts"":[""JTmFx5zX9mM94itfk2nQcJnQQDPjcv4UPD7SYj6xDCV"",""kQC7awXFEMX6Kcva1SAgCtEyUEDgg8S1sh2ddoQpwDZ"",""SysvarC1ock11111111111111111111111111111111""],""data"":""6mJFQCt94hFzHuj3bbbnStFGgbeYicwHdgmE6ktdrt1m5gWPPAocW3"",""programId"":""FsJ3A3u2vn5cTVofAjvy6y5kwABJAqYWpe4975bi2epH""}","null",cc33eac73757b15ef659037e5170a699,2000-01-01 00:00:00.000,2000-01-01 00:00:00.000
2023-01-02 21:38:04.000,170506748,4mjXW91UoPPziu1MSxrgrfV9YwHWCczxSi9qYC7RLbtrMkoGfPt2mMhFQLuNCmLMZArGr1KLWEyRpksQ5wxKLDV7,"[""JTmFx5zX9mM94itfk2nQcJnQQDPjcv4UPD7SYj6xDCV""]",true,8,"null",FsJ3A3u2vn5cTVofAjvy6y5kwABJAqYWpe4975bi2epH,"{""accounts"":[""JTmFx5zX9mM94itfk2nQcJnQQDPjcv4UPD7SYj6xDCV"",""FNNvb1AFDnDVPkocEri8mWbJ1952HQZtFLuwPiUjSJQ"",""SysvarC1ock11111111111111111111111111111111""],""data"":""6mJFQCt94hG4CKNYKgVcwhXFZya7tRXshB8qo7i3YQCvtpTTSsPeK9"",""programId"":""FsJ3A3u2vn5cTVofAjvy6y5kwABJAqYWpe4975bi2epH""}","null",08a1ffea7a943361eb9c08e316151788,2000-01-01 00:00:00.000,2000-01-01 00:00:00.000
2023-01-02 20:48:56.000,170501230,3u57gDeyyyiSjUXFgk3VUWTKSoLfDyRMYNNsaqC9YfiNeFdsYVgoE5jKroLNpzrSgQDxi1327jVNbQPZoicHW8G4,"[""JTmFx5zX9mM94itfk2nQcJnQQDPjcv4UPD7SYj6xDCV""]",true,4,"null",FsJ3A3u2vn5cTVofAjvy6y5kwABJAqYWpe4975bi2epH,"{""accounts"":[""JTmFx5zX9mM94itfk2nQcJnQQDPjcv4UPD7SYj6xDCV"",""DEjXZ6W6ymAqtH5MQGhuLGCtbEtVJigDoD5KLQHRiL8H"",""SysvarC1ock11111111111111111111111111111111""],""data"":""6mJFQCt94hFzHuj3bbbnStFGgbeYicwHdgmE6ktdrt1S1dEMkP6YYP"",""programId"":""FsJ3A3u2vn5cTVofAjvy6y5kwABJAqYWpe4975bi2epH""}","null",f6d8c2829beca1ea0721d4a3fc3e3910,2000-01-01 00:00:00.000,2000-01-01 00:00:00.000
2023-01-02 21:35:38.000,170506474,5Ed1Jyx3LgKZmkWC8xjqfUYxknCdAaF8gEeHEZo1ooq4oyUPsADbrqbtMiMVnSYingDGjbguq3yvkBLeKysQzzie,"[""JTmFx5zX9mM94itfk2nQcJnQQDPjcv4UPD7SYj6xDCV""]",true,5,"null",FsJ3A3u2vn5cTVofAjvy6y5kwABJAqYWpe4975bi2epH,"{""accounts"":[""JTmFx5zX9mM94itfk2nQcJnQQDPjcv4UPD7SYj6xDCV"",""GAD1XUUU6pU41LZXMbBzbKDT5SGB1nSamFosF2HrX23s"",""SysvarC1ock11111111111111111111111111111111""],""data"":""6mJFQCt94hFzHuj3bbbnStFGgbeYicwHdgmE6ktdrt1nmLbhFWnGnT"",""programId"":""FsJ3A3u2vn5cTVofAjvy6y5kwABJAqYWpe4975bi2epH""}","null",7a0bd0cdc96c59291978228bd06e7986,2000-01-01 00:00:00.000,2000-01-01 00:00:00.000
2023-01-02 21:40:14.000,170506990,5jv18meUkDTbQTeb3MzwzaPqRXzD9xJxApubXB54MamFc1et3MuBqafksAVS6ibkWFdTdSgzbiJvtKtd39Q9Hrtw,"[""DgAK7fPveidN72LCwCF4QjFcYHchBZbtZnjEAtgU1bMX""]",true,3,"null",FsJ3A3u2vn5cTVofAjvy6y5kwABJAqYWpe4975bi2epH,"{""accounts"":[""DgAK7fPveidN72LCwCF4QjFcYHchBZbtZnjEAtgU1bMX"",""3NBReDRTLKMQEKiLD5tGcx4kXbTf88b7f2xLS9UuGjym"",""SysvarC1ock11111111111111111111111111111111""],""data"":""6mJFQCt94hG4CKNYKgVcwmvu4moCTbiHqjJPvNGPLpyTUpiShKkb3m"",""programId"":""FsJ3A3u2vn5cTVofAjvy6y5kwABJAqYWpe4975bi2epH""}","null",67ba702ad960a8797f9204eb142aa17a,2000-01-01 00:00:00.000,2000-01-01 00:00:00.000
2023-01-02 20:46:22.000,170500927,HPk2eEnJsFQ8THNJDzG4wYaXY7qmcKxR1Z4acShSKvrMUBnS6TUXig71z83WUkQXAz1zsinaAEPpFrDaj9tYw2r,"[""5XLqnSjJBAm1XjAcR76QCn8eB1phEQ3py2VAE2f8pdCQ""]",true,3,"null",FsJ3A3u2vn5cTVofAjvy6y5kwABJAqYWpe4975bi2epH,"{""accounts"":[""5XLqnSjJBAm1XjAcR76QCn8eB1phEQ3py2VAE2f8pdCQ"",""7KVswB9vkCgeM3SHP7aGDijvdRAHK8P5wi9JXViCrtYh"",""SysvarC1ock11111111111111111111111111111111""],""data"":""6mJFQCt94hG4CKNYKgVcwrpQ1qMgZFkds6DzRAoobz9yAwsY68Dxzj"",""programId"":""FsJ3A3u2vn5cTVofAjvy6y5kwABJAqYWpe4975bi2epH""}","null",b75b3176a0be26f46143c6a8b8333681,2000-01-01 00:00:00.000,2000-01-01 00:00:00.000
2023-01-02 21:07:59.000,170503373,2dNFTxKeu65jupGrRDcSfrKRVkKW9i2iH95YpzkLuVePat8zRVNTuPBaTps1TXveUHGV9hc1k3k8C2KWgMJeKWWe,"[""Y2akr3bXHRsqyP1QJtbm9G9N88ZV4t1KfaFeDzKRTfr""]",true,5,"null",FsJ3A3u2vn5cTVofAjvy6y5kwABJAqYWpe4975bi2epH,"{""accounts"":[""Y2akr3bXHRsqyP1QJtbm9G9N88ZV4t1KfaFeDzKRTfr"",""8RMnV1eD55iqUFJLMguPkYBkq8DCtx81XcmAja93LvRR"",""SysvarC1ock11111111111111111111111111111111""],""data"":""6mJFQCt94hG4CKNYKgVcwuB7eUGpZb2SH9q3wkyrhCYvEiAS3G639q"",""programId"":""FsJ3A3u2vn5cTVofAjvy6y5kwABJAqYWpe4975bi2epH""}","null",64c0d3d2040fe1d099b00a850b23b5f5,2000-01-01 00:00:00.000,2000-01-01 00:00:00.000
2023-01-02 21:20:58.000,170504830,4raQC1Ppezq3341GJSPHFH6sJKmpnA42NACAYFE2FSzVMRzfa4h66hJu5YytCpSDWjYFdFwu7J89DHrri7BgG8qZ,"[""D68ZFycNR6H4A79puYfZpE1j8LZQeP9SXTukF3dSUby4""]",true,1,"null",FsJ3A3u2vn5cTVofAjvy6y5kwABJAqYWpe4975bi2epH,"{""accounts"":[""D68ZFycNR6H4A79puYfZpE1j8LZQeP9SXTukF3dSUby4"",""7KVswB9vkCgeM3SHP7aGDijvdRAHK8P5wi9JXViCrtYh"",""SysvarC1ock11111111111111111111111111111111""],""data"":""6mJFQCt94hG4CKNYKgVcwmQf7rrbzpWyJEDohifgmAjLhYSkquzyju"",""programId"":""FsJ3A3u2vn5cTVofAjvy6y5kwABJAqYWpe4975bi2epH""}","null",4e88ecfaa9350d64e411c2fe03eb2a9c,2000-01-01 00:00:00.000,2000-01-01 00:00:00.000
2023-01-02 21:36:15.000,170506548,5tGAJVkWdJ77DYaEfaSEUi2cDNgwhP2t8GDERFV5doWU7WeGHZaLv1bFzQ6Xv2zQSkVb8ninC5gbq2mfAyD9h7R3,"[""JTmFx5zX9mM94itfk2nQcJnQQDPjcv4UPD7SYj6xDCV""]",true,3,"null",FsJ3A3u2vn5cTVofAjvy6y5kwABJAqYWpe4975bi2epH,"{""accounts"":[""JTmFx5zX9mM94itfk2nQcJnQQDPjcv4UPD7SYj6xDCV"",""7Dn52EY5EGE8Nvvw98KVMGPWTiTGn3PF4y24TVLyXdT9"",""SysvarC1ock11111111111111111111111111111111""],""data"":""6mJFQCt94hG4CKNYKgVcwmmXkKxhK3yYsMjTRacdyUsPQVhN3kwmrP"",""programId"":""FsJ3A3u2vn5cTVofAjvy6y5kwABJAqYWpe4975bi2epH""}","null",ca48cdc3c1be34fd8acfffeef06cb694,2000-01-01 00:00:00.000,2000-01-01 00:00:00.000
2023-01-02 19:58:00.000,170495285,23VZ9cfJwPQMU7sSpkQw96pgckJouAy4FpRyvq1UhqRT9t3vH1kGhG8F6NUu2Tfs6Wnai2usqNBKH7wGuHQPp6Ys,"[""JTmFx5zX9mM94itfk2nQcJnQQDPjcv4UPD7SYj6xDCV""]",true,9,"null",FsJ3A3u2vn5cTVofAjvy6y5kwABJAqYWpe4975bi2epH,"{""accounts"":[""JTmFx5zX9mM94itfk2nQcJnQQDPjcv4UPD7SYj6xDCV"",""HkGEau5xY1e8REXUFbwvWWvyJGywkgiAZZFpryyraWqJ"",""SysvarC1ock11111111111111111111111111111111""],""data"":""6mJFQCt94hFzHuj3bbbnStFGgbeYicwHdgmE6ktdrt1FnyeTVQ1NhD"",""programId"":""FsJ3A3u2vn5cTVofAjvy6y5kwABJAqYWpe4975bi2epH""}","null",86087a2d459f70ab837b371c492f60ae,2000-01-01 00:00:00.000,2000-01-01 00:00:00.000
2023-01-02 21:12:15.000,170503870,3MP5SsbW4d8eqqq8TZiJqLH9843K4AqbMe1bViumKpx9s3DtsybikTNqBzRkHo1zEesBAFQ3yBdWjjay9ptMep4S,"[""HfeFy4G9r77iyeXdbfNJjYw4z3NPEKDL6YQh3JzJ9s9f""]",true,0,"null",FsJ3A3u2vn5cTVofAjvy6y5kwABJAqYWpe4975bi2epH,"{""accounts"":[""HfeFy4G9r77iyeXdbfNJjYw4z3NPEKDL6YQh3JzJ9s9f"",""ETp9eKXVv1dWwHSpsXRUuXHmw24PwRkttCGVgpZEY9zF"",""SysvarC1ock11111111111111111111111111111111""],""data"":""6mJFQCt94hG4CKNYKgVcwxmBZwtkrzr8YRBqdJD1L1G8ada8NWaDm1"",""programId"":""FsJ3A3u2vn5cTVofAjvy6y5kwABJAqYWpe4975bi2epH""}","null",d904ad46648f785eabf8e6e44aedea7c,2000-01-01 00:00:00.000,2000-01-01 00:00:00.000
2023-01-02 21:29:35.000,170505795,3tfZUWSjRwJNmBq473kHgFmEJ7xhTF6CiuNv5RfKtDo5wjxGvNDAccnTuxJRy1aPFNvQUw7pzYUQDdn6o9i5pxYF,"[""HfeFy4G9r77iyeXdbfNJjYw4z3NPEKDL6YQh3JzJ9s9f""]",true,5,"null",FsJ3A3u2vn5cTVofAjvy6y5kwABJAqYWpe4975bi2epH,"{""accounts"":[""HfeFy4G9r77iyeXdbfNJjYw4z3NPEKDL6YQh3JzJ9s9f"",""GXwvSeEvZ5a1f1tdNSQBRcmRaQ73AxJTi7w6FmCrdiyn"",""SysvarC1ock11111111111111111111111111111111""],""data"":""6mJFQCt94hG4CKNYKgVcwnqemgYCtE1LgwUGEY9fvfsGtKZQ8Zigm5"",""programId"":""FsJ3A3u2vn5cTVofAjvy6y5kwABJAqYWpe4975bi2epH""}","null",1c5050bfda80a1519f2fe36671b6f19c,2000-01-01 00:00:00.000,2000-01-01 00:00:00.000
2023-01-02 21:17:18.000,170504416,5NnYvgVtUW3ePUyjMAFao4JitEg2euXcnpbSACHyfASwv7rwTTCpv2CSCmsePy7xSs58v5zGoyHuz7F4YqDKaWas,"[""4YfiMm6wp4M6rpyuCkF74aQmNrL2GtF72he2fCiS4Lo2""]",true,4,"null",FsJ3A3u2vn5cTVofAjvy6y5kwABJAqYWpe4975bi2epH,"{""accounts"":[""4YfiMm6wp4M6rpyuCkF74aQmNrL2GtF72he2fCiS4Lo2"",""3wDLxH34Yz8tGjwHszQ2MfzHwRoaQgKA32uq2bRpjJBW"",""SysvarC1ock11111111111111111111111111111111""],""data"":""6mJFQCt94hG4CKNYKgVcwu19MN4m8WMDznqr2dwmkTAn7pj53okaxF"",""programId"":""FsJ3A3u2vn5cTVofAjvy6y5kwABJAqYWpe4975bi2epH""}","null",5fa7561a71ff3abc506f913744b6a814,2000-01-01 00:00:00.000,2000-01-01 00:00:00.000
2023-01-02 21:27:25.000,170505564,2EGbsFziisgnJsivUtybfXqxYV3eJMMw24FmGV5RZaBmYeHpGnep3NEPLjafnorD2BTiRpTgSk83cEqCQMHSWogc,"[""JTmFx5zX9mM94itfk2nQcJnQQDPjcv4UPD7SYj6xDCV""]",true,5,"null",FsJ3A3u2vn5cTVofAjvy6y5kwABJAqYWpe4975bi2epH,"{""accounts"":[""JTmFx5zX9mM94itfk2nQcJnQQDPjcv4UPD7SYj6xDCV"",""EHkW5sh588isxidKdTvpmBgRQTg9fta6qQMcWQirPVD2"",""SysvarC1ock11111111111111111111111111111111""],""data"":""6mJFQCt94hG4CKNYKgVcwv8WdEkxW9wPdmDg1wk3qT5mf6TXNczb7d"",""programId"":""FsJ3A3u2vn5cTVofAjvy6y5kwABJAqYWpe4975bi2epH""}","null",b1677c5f38531213ea45752bc0a52549,2000-01-01 00:00:00.000,2000-01-01 00:00:00.000
2023-01-02 21:26:15.000,170505435,huUVh8rYBN8Y5HoinNuawGtv19BQAhD1A2HNRiNuvMcK41UZaDQhwm8YHJgp864sF4NbyE5g5adizUW2n2WFmC1,"[""Y2akr3bXHRsqyP1QJtbm9G9N88ZV4t1KfaFeDzKRTfr""]",true,1,"null",FsJ3A3u2vn5cTVofAjvy6y5kwABJAqYWpe4975bi2epH,"{""accounts"":[""Y2akr3bXHRsqyP1QJtbm9G9N88ZV4t1KfaFeDzKRTfr"",""Bt1hEbY62aMriY1SyQqbeZbm8VmSbQVGBFzSzMuVNWzN"",""SysvarC1ock11111111111111111111111111111111""],""data"":""6mJFQCt94hG4CKNYKgVcwbsJiGy8XMxCG6n8J9LJxfHtmcJtABMQhM"",""programId"":""FsJ3A3u2vn5cTVofAjvy6y5kwABJAqYWpe4975bi2epH""}","null",f9cb5c5a0ea0850708b6e76d0842fbed,2000-01-01 00:00:00.000,2000-01-01 00:00:00.000
2023-01-02 21:31:20.000,170505986,641ZBW52fLhNd7TskDMnFyfjCakX49FgKPnXo3NmjVK3X6FPXSQKooAoHKnNx2eEAUXnExfUBrp3zTHdNgKZTaDP,"[""9TvAYCUkGajRXs42ZrTpDQ3xf16cXBG13AJ3WRAue6Vw""]",true,2,"null",FsJ3A3u2vn5cTVofAjvy6y5kwABJAqYWpe4975bi2epH,"{""accounts"":[""9TvAYCUkGajRXs42ZrTpDQ3xf16cXBG13AJ3WRAue6Vw"",""45rTB9ezDcTX5tMZx2uJUBbBEqAWDhXykYbBfaSWUXvD"",""SysvarC1ock11111111111111111111111111111111""],""data"":""6mJFQCt94hG4CKNYKgVcwwUamjD2GttrgHgzsDiD8Eo19VV4m18XBm"",""programId"":""FsJ3A3u2vn5cTVofAjvy6y5kwABJAqYWpe4975bi2epH""}","null",fe34e3c633173b50306d52326dae5f12,2000-01-01 00:00:00.000,2000-01-01 00:00:00.000
2023-01-02 20:49:00.000,170501239,thT4dLvbTzBYgZSPN9eQkeXLsZoWUx77bfQ7fGprXpy7TobJwdfku5oZEiAgvHNi7yD3uHcQgmtWbu9gjRJAGQz,"[""JTmFx5zX9mM94itfk2nQcJnQQDPjcv4UPD7SYj6xDCV""]",true,8,"null",FsJ3A3u2vn5cTVofAjvy6y5kwABJAqYWpe4975bi2epH,"{""accounts"":[""JTmFx5zX9mM94itfk2nQcJnQQDPjcv4UPD7SYj6xDCV"",""FNNvb1AFDnDVPkocEri8mWbJ1952HQZtFLuwPiUjSJQ"",""SysvarC1ock11111111111111111111111111111111""],""data"":""6mJFQCt94hG4CKNYKgVcweav8z4SWoJcncwdF2aZorF9vxSSzMkZPm"",""programId"":""FsJ3A3u2vn5cTVofAjvy6y5kwABJAqYWpe4975bi2epH""}","null",96cc233495d93b84aa123e59c97c78ef,2000-01-01 00:00:00.000,2000-01-01 00:00:00.000
2023-01-02 20:56:58.000,170502128,5YYHZdtsGr6NJKmUPgG9T8HUvnEa2wGZLZqqmCEMpDDR3kAir3BLwftnVtmEjArBp6435eabToVz48jXPnpKWET1,"[""Y2akr3bXHRsqyP1QJtbm9G9N88ZV4t1KfaFeDzKRTfr""]",true,4,"null",FsJ3A3u2vn5cTVofAjvy6y5kwABJAqYWpe4975bi2epH,"{""accounts"":[""Y2akr3bXHRsqyP1QJtbm9G9N88ZV4t1KfaFeDzKRTfr"",""H6ARHf6YXhGYeQfUzQNGk6rDNnLBQKrenN712K4AQJEG"",""SysvarC1ock11111111111111111111111111111111""],""data"":""6mJFQCt94hG4CKNYKgVcwjBrNsDfa2F2xXF7gnJ6z9AmSRMwNA7bqy"",""programId"":""FsJ3A3u2vn5cTVofAjvy6y5kwABJAqYWpe4975bi2epH""}","null",825ce484e2d15965af9152f201736f31,2000-01-01 00:00:00.000,2000-01-01 00:00:00.000
2023-01-02 20:59:55.000,170502461,5jkmHQ3P1px4KHmse3CC4RAfsK5x1nnyKV9KJncJG55vBtMtbgkPoj3pEVmH9D8MtSZFo6GJJXjRXvjipRcD5Ux9,"[""5YXnWX6Mmd8hp7fCpAB3wQUrHt6WtjJrA5QjmBuySsDP""]",true,3,"null",FsJ3A3u2vn5cTVofAjvy6y5kwABJAqYWpe4975bi2epH,"{""accounts"":[""5YXnWX6Mmd8hp7fCpAB3wQUrHt6WtjJrA5QjmBuySsDP"",""GVXRSBjFk6e6J3NbVPXohDJetcTjaeeuykUpbQF8UoMU"",""SysvarC1ock11111111111111111111111111111111""],""data"":""6mJFQCt94hG4CKNYKgVcwrK6L27Bo3Mi2KUsx93FPyx7guPNq42E7y"",""programId"":""FsJ3A3u2vn5cTVofAjvy6y5kwABJAqYWpe4975bi2epH""}","null",7a5da11d5efa5f1da6a2d00f4fcc24c4,2000-01-01 00:00:00.000,2000-01-01 00:00:00.000
2023-01-02 21:06:26.000,170503197,3qJCizvAXYwigwbHmZCgH6JQTznj2t2S9Tq9GhhU4XMvs32mZBtGZ9RymG9x7ovsr7iDJTM4AAcmk7hKmg87whGS,"[""Y2akr3bXHRsqyP1QJtbm9G9N88ZV4t1KfaFeDzKRTfr""]",true,4,"null",FsJ3A3u2vn5cTVofAjvy6y5kwABJAqYWpe4975bi2epH,"{""accounts"":[""Y2akr3bXHRsqyP1QJtbm9G9N88ZV4t1KfaFeDzKRTfr"",""FNNvb1AFDnDVPkocEri8mWbJ1952HQZtFLuwPiUjSJQ"",""SysvarC1ock11111111111111111111111111111111""],""data"":""6mJFQCt94hG4CKNYKgVcwj2QyABpyNn5NoQe7x3am4Q9ME9uMPThLb"",""programId"":""FsJ3A3u2vn5cTVofAjvy6y5kwABJAqYWpe4975bi2epH""}","null",a36ec09cfe5d21d885dbe7803af9f984,2000-01-01 00:00:00.000,2000-01-01 00:00:00.000
2023-01-02 20:58:32.000,170502306,26JeFq1AqcSZgr9rGSn6PL93oLy1sMTcYDtcRsVVcupMVheTkwpD3WRL7K7pys6BS8dGzwHVq5vJmbFTP33EKvrU,"[""4YfiMm6wp4M6rpyuCkF74aQmNrL2GtF72he2fCiS4Lo2""]",true,0,"null",FsJ3A3u2vn5cTVofAjvy6y5kwABJAqYWpe4975bi2epH,"{""accounts"":[""4YfiMm6wp4M6rpyuCkF74aQmNrL2GtF72he2fCiS4Lo2"",""DZYZkJcFJThN9nZy4nK3hrHra1LaWeiyoZ9SMdLFEFpY"",""SysvarC1ock11111111111111111111111111111111""],""data"":""6mJFQCt94hG4CKNYKgVcwx61sqxNL95VtjQwBXhCWiRJVaAD32zkhm"",""programId"":""FsJ3A3u2vn5cTVofAjvy6y5kwABJAqYWpe4975bi2epH""}","null",7348bd88c750671ca09fd0649db7effb,2000-01-01 00:00:00.000,2000-01-01 00:00:00.000
2023-01-02 20:30:45.000,170499080,64icbrrjUd6GqnnxC4XRKfQPQcu3vTogKowzRkJbpUSuDMdrTGLbu8Tr1vcFwY4kVNA5ZjQsCnHx32jHmL5hx9aP,"[""HfeFy4G9r77iyeXdbfNJjYw4z3NPEKDL6YQh3JzJ9s9f""]",true,7,"null",FsJ3A3u2vn5cTVofAjvy6y5kwABJAqYWpe4975bi2epH,"{""accounts"":[""HfeFy4G9r77iyeXdbfNJjYw4z3NPEKDL6YQh3JzJ9s9f"",""4CkQJBxhU8EZ2UjhigbtdaPbpTe6mqf811fipYBFbSYN"",""SysvarC1ock11111111111111111111111111111111""],""data"":""6mJFQCt94hG4CKNYKgVcwuqntwKQ7DBHJPREqjzQvJWkKkncz2SD35"",""programId"":""FsJ3A3u2vn5cTVofAjvy6y5kwABJAqYWpe4975bi2epH""}","null",5a0a03fad365cb61f62ee93bb9ef977a,2000-01-01 00:00:00.000,2000-01-01 00:00:00.000
2023-01-02 20:46:16.000,170500914,5kxaT1GCbvVpYcbT8BrhV9V8Xwg7qzE175mWVVkDvfynYJmwFvDCmcWJkkRDLB5oGZJNoQ2BVKoCAUYAbkaVLbF1,"[""Y2akr3bXHRsqyP1QJtbm9G9N88ZV4t1KfaFeDzKRTfr""]",true,7,"null",FsJ3A3u2vn5cTVofAjvy6y5kwABJAqYWpe4975bi2epH,"{""accounts"":[""Y2akr3bXHRsqyP1QJtbm9G9N88ZV4t1KfaFeDzKRTfr"",""3NBReDRTLKMQEKiLD5tGcx4kXbTf88b7f2xLS9UuGjym"",""SysvarC1ock11111111111111111111111111111111""],""data"":""6mJFQCt94hG4CKNYKgVcwnVBTeQ9rGyM79wwGDrhYKwqwvawkzNDRh"",""programId"":""FsJ3A3u2vn5cTVofAjvy6y5kwABJAqYWpe4975bi2epH""}","null",9317285603ff1f9a8d8dee933e5e64e2,2000-01-01 00:00:00.000,2000-01-01 00:00:00.000
2023-01-02 21:09:59.000,170503608,5gCaqQxibXKqtAbnioJvXAfrCZdipGzPQAXav6zmu8e4Shh6Asy8k95wUZqRPNRSXYwqBf3MueZ6wXpZmuUBtk7i,"[""9TvAYCUkGajRXs42ZrTpDQ3xf16cXBG13AJ3WRAue6Vw""]",true,1,"null",FsJ3A3u2vn5cTVofAjvy6y5kwABJAqYWpe4975bi2epH,"{""accounts"":[""9TvAYCUkGajRXs42ZrTpDQ3xf16cXBG13AJ3WRAue6Vw"",""JBu1AL4obBcCMqKBBxhpWCNUt136ijcuMZLFvTP7iWdB"",""SysvarC1ock11111111111111111111111111111111""],""data"":""6mJFQCt94hG4CKNYKgVcwgY3szajoAwGomx9qdg7pNmsGPonHvhGTq"",""programId"":""FsJ3A3u2vn5cTVofAjvy6y5kwABJAqYWpe4975bi2epH""}","null",6d663e674a3b7d1df8faa8f9b5b7e48e,2000-01-01 00:00:00.000,2000-01-01 00:00:00.000
2023-01-02 20:47:41.000,170501080,4BGLVJrvP26E6wRRNjaWNSHXs47S7uDg2ETC8rqP9FYFG2bL3FCJAtc7gWxLyuGLi1VeJw7X29kLbzvy9nfY85x1,"[""JTmFx5zX9mM94itfk2nQcJnQQDPjcv4UPD7SYj6xDCV""]",true,9,"null",FsJ3A3u2vn5cTVofAjvy6y5kwABJAqYWpe4975bi2epH,"{""accounts"":[""JTmFx5zX9mM94itfk2nQcJnQQDPjcv4UPD7SYj6xDCV"",""81Rz3i7MC9nHYo1vQg6kJM5hepjqb63Y1gnr3AkrD36D"",""SysvarC1ock11111111111111111111111111111111""],""data"":""6mJFQCt94hG4CKNYKgVcwkFzYNKKRdz5c8uAwkesrJmqCAkFT1M2GP"",""programId"":""FsJ3A3u2vn5cTVofAjvy6y5kwABJAqYWpe4975bi2epH""}","null",c023ca051824920bfc80d3fd947fc119,2000-01-01 00:00:00.000,2000-01-01 00:00:00.000
2023-01-02 20:05:45.000,170496161,3ozvB2qbwaKNqMkKkyQHiiWbSUSu6r3tUm4ZQQKqod72kPW7jCjjuBP9gusr9FsG2DbuEo1ZFFLAgovqzWcQHWG4,"[""JTmFx5zX9mM94itfk2nQcJnQQDPjcv4UPD7SYj6xDCV""]",true,8,"null",FsJ3A3u2vn5cTVofAjvy6y5kwABJAqYWpe4975bi2epH,"{""accounts"":[""JTmFx5zX9mM94itfk2nQcJnQQDPjcv4UPD7SYj6xDCV"",""FNNvb1AFDnDVPkocEri8mWbJ1952HQZtFLuwPiUjSJQ"",""SysvarC1ock11111111111111111111111111111111""],""data"":""6mJFQCt94hG4CKNYKgVcwd8kSJkGHvNSSBwjAiMkWj7jLnkJ3KTiTh"",""programId"":""FsJ3A3u2vn5cTVofAjvy6y5kwABJAqYWpe4975bi2epH""}","null",5c133f8d3972402bf51ba1912d93176f,2000-01-01 00:00:00.000,2000-01-01 00:00:00.000
2023-01-02 21:16:15.000,170504305,Lb6FdHuWbe2ZMdfnYQ7tzcMNhAVfPg5hj76BtCPn4vhNf6amhGnKA7K1WdCbbTjwv7PGK2dpefiFvqmrq7cit9u,"[""JTmFx5zX9mM94itfk2nQcJnQQDPjcv4UPD7SYj6xDCV""]",true,3,"null",FsJ3A3u2vn5cTVofAjvy6y5kwABJAqYWpe4975bi2epH,"{""accounts"":[""JTmFx5zX9mM94itfk2nQcJnQQDPjcv4UPD7SYj6xDCV"",""8sqTeLp6ytuYFkoXodF6xXZoAg2wFQ3EK1npEXuqFU9H"",""SysvarC1ock11111111111111111111111111111111""],""data"":""6mJFQCt94hFzHuj3bbbnStFGgbeYicwHdgmE6ktdrt1RrNw7PKWw7d"",""programId"":""FsJ3A3u2vn5cTVofAjvy6y5kwABJAqYWpe4975bi2epH""}","null",e6c66b24be9135060ba055453e70f73d,2000-01-01 00:00:00.000,2000-01-01 00:00:00.000
2023-01-02 21:32:23.000,170506111,oBGNARhgFN6g5pkyPx7xgesTbggzJJ2wtVu5RDQKwPp1yiPoJRSDu2Ac2TC9xFvkLcpGbsqj3SWj3aiMmsEUhhP,"[""Y2akr3bXHRsqyP1QJtbm9G9N88ZV4t1KfaFeDzKRTfr""]",true,8,"null",FsJ3A3u2vn5cTVofAjvy6y5kwABJAqYWpe4975bi2epH,"{""accounts"":[""Y2akr3bXHRsqyP1QJtbm9G9N88ZV4t1KfaFeDzKRTfr"",""7BHyT7XPMSA6LHYTgDTaeTPe3KTkKibMXZNxF5kiVsw1"",""SysvarC1ock11111111111111111111111111111111""],""data"":""6mJFQCt94hG4CKNYKgVcwcT9NbWrEbGu7poCxLn1MT4drtrQR4d3Cj"",""programId"":""FsJ3A3u2vn5cTVofAjvy6y5kwABJAqYWpe4975bi2epH""}","null",8b939c22197e9cf07afcc5ae08e28e43,2000-01-01 00:00:00.000,2000-01-01 00:00:00.000
2023-01-02 20:42:13.000,170500439,4C35KwhfXbHqtMGTzBvVks1uLR3karvpkAwX33831bHG4jtot4vitDjtcB8tLwizhja9Dd5DC9XYmgckPzHFm99X,"[""JTmFx5zX9mM94itfk2nQcJnQQDPjcv4UPD7SYj6xDCV""]",true,8,"null",FsJ3A3u2vn5cTVofAjvy6y5kwABJAqYWpe4975bi2epH,"{""accounts"":[""JTmFx5zX9mM94itfk2nQcJnQQDPjcv4UPD7SYj6xDCV"",""3vxLXJqLqF3JG5TCbYycbKWRBbCJQLxQmBGCkyqEEefL"",""SysvarC1ock11111111111111111111111111111111""],""data"":""6mJFQCt94hG4CKNYKgVcwnosopk6pxNDTS2VKcQwmXHSBXdxnVJSdD"",""programId"":""FsJ3A3u2vn5cTVofAjvy6y5kwABJAqYWpe4975bi2epH""}","null",a4037d98d3f4546c7278676c7dd1b6dd,2000-01-01 00:00:00.000,2000-01-01 00:00:00.000
2023-01-02 20:04:12.000,170495976,915T4wpS55Ph4fcmeyuY3XMg7mdKCSMULMu4uL27QfUpGjk7SWkBRQLZXwPY9wzJRr3eVM68RMMpg8zEet6Dofg,"[""4YfiMm6wp4M6rpyuCkF74aQmNrL2GtF72he2fCiS4Lo2""]",true,1,"null",FsJ3A3u2vn5cTVofAjvy6y5kwABJAqYWpe4975bi2epH,"{""accounts"":[""4YfiMm6wp4M6rpyuCkF74aQmNrL2GtF72he2fCiS4Lo2"",""Gb5LWEh4cnm8N6R4CVnnAfstzc6v25PY4noxnjHY6vF5"",""SysvarC1ock11111111111111111111111111111111""],""data"":""6mJFQCt94hG4CKNYKgVcwp5W6CsorgJePznE8c9VUske6jESvHnqdq"",""programId"":""FsJ3A3u2vn5cTVofAjvy6y5kwABJAqYWpe4975bi2epH""}","null",3629cbcab65209814ab68fc5505604b5,2000-01-01 00:00:00.000,2000-01-01 00:00:00.000
2023-01-02 20:50:01.000,170501360,3w3xCeRAcfUC5Szh8tkLikBPTy42Fuu8hBGBKyq3ig3xSE4mPke7B1b7azeWjGWaFQoqfxcKkrvNcngX4NuLEJAi,"[""5ZLaVaVJdvdqGmvnS4jYgJ7k54Kdev7f1q5LDytjwqJ6""]",true,3,"null",FsJ3A3u2vn5cTVofAjvy6y5kwABJAqYWpe4975bi2epH,"{""accounts"":[""5ZLaVaVJdvdqGmvnS4jYgJ7k54Kdev7f1q5LDytjwqJ6"",""3wDLxH34Yz8tGjwHszQ2MfzHwRoaQgKA32uq2bRpjJBW"",""SysvarC1ock11111111111111111111111111111111""],""data"":""6mJFQCt94hG4CKNYKgVcwzvnAtRk93Tr2qr1yow88ap1q2Bv6srDmq"",""programId"":""FsJ3A3u2vn5cTVofAjvy6y5kwABJAqYWpe4975bi2epH""}","null",e3206a9fa7d39b345f83c61d965ec02b,2000-01-01 00:00:00.000,2000-01-01 00:00:00.000
2023-01-02 20:55:04.000,170501928,2SJjLqqTqqjmHYrHSm3gECK6VMDsKcmEoKpW7CCDEVDuKxJap3jeLryrg4v5fEubP72SMsbxGmTqbEv71kChp5Je,"[""JTmFx5zX9mM94itfk2nQcJnQQDPjcv4UPD7SYj6xDCV""]",true,8,"null",FsJ3A3u2vn5cTVofAjvy6y5kwABJAqYWpe4975bi2epH,"{""accounts"":[""JTmFx5zX9mM94itfk2nQcJnQQDPjcv4UPD7SYj6xDCV"",""8Td9VML1nHxQK6M8VVyzsHo32D7VBk72jSpa9U861z2A"",""SysvarC1ock11111111111111111111111111111111""],""data"":""6mJFQCt94hG4CKNYKgVcwnvrmj8xDfhz4Utcfd2EnUzabAQuN6Gg23"",""programId"":""FsJ3A3u2vn5cTVofAjvy6y5kwABJAqYWpe4975bi2epH""}","null",9b777dbe925431a3e9387c6ed6ea9ce5,2000-01-01 00:00:00.000,2000-01-01 00:00:00.000
2023-01-02 21:26:13.000,170505432,3XPNoHDYewxqYJaonxjCF3qM9RSkMrUyQP2T4e4GjcGJdwrUKF88oWAr89WRo6fRfHJtGBnKWpHNysbuyvPAKXGG,"[""AyppMMH42nZVQrcxTP2zk9Psmy9quS6oF1yF4xVtjyL5""]",true,6,"null",FsJ3A3u2vn5cTVofAjvy6y5kwABJAqYWpe4975bi2epH,"{""accounts"":[""AyppMMH42nZVQrcxTP2zk9Psmy9quS6oF1yF4xVtjyL5"",""H6ARHf6YXhGYeQfUzQNGk6rDNnLBQKrenN712K4AQJEG"",""SysvarC1ock11111111111111111111111111111111""],""data"":""6mJFQCt94hG4CKNYKgVcwfVfYqQJDWnBMetp7dMdPWy9BQMwkoGjVh"",""programId"":""FsJ3A3u2vn5cTVofAjvy6y5kwABJAqYWpe4975bi2epH""}","null",00c740a7b73b13fb3aae9da2611f9600,2000-01-01 00:00:00.000,2000-01-01 00:00:00.000
2023-01-02 20:48:41.000,170501201,3RLKEPZLitpcu4rVumF4N8ckCV1yVNL5owonWo2qvRyLsfoo8Rzj5g2FGq5CijgZgrL4zauEGX1eq9BFnU6Lhjrw,"[""PinYvHqMTZVrRTpwK9x3dB9vL7tsGtGedSz8EqeynuA""]",true,3,"null",FsJ3A3u2vn5cTVofAjvy6y5kwABJAqYWpe4975bi2epH,"{""accounts"":[""PinYvHqMTZVrRTpwK9x3dB9vL7tsGtGedSz8EqeynuA"",""GVXRSBjFk6e6J3NbVPXohDJetcTjaeeuykUpbQF8UoMU"",""SysvarC1ock11111111111111111111111111111111""],""data"":""6mJFQCt94hG4CKNYKgVcwvAEg6xKivAUEE5vaCnWEM1U8CxLq3rXWo"",""programId"":""FsJ3A3u2vn5cTVofAjvy6y5kwABJAqYWpe4975bi2epH""}","null",39a8ef92d6457b675d7e8ee9db58c35a,2000-01-01 00:00:00.000,2000-01-01 00:00:00.000
2023-01-02 21:17:17.000,170504414,usrFeupWQV2SEBsDGo3qEuaLC49RQSd8DAU1DyhMR8QP3jsmXYqKeYjAfT48HDvqUr8ejo9G33kZHeW3d42Gkjs,"[""Y2akr3bXHRsqyP1QJtbm9G9N88ZV4t1KfaFeDzKRTfr""]",true,3,"null",FsJ3A3u2vn5cTVofAjvy6y5kwABJAqYWpe4975bi2epH,"{""accounts"":[""Y2akr3bXHRsqyP1QJtbm9G9N88ZV4t1KfaFeDzKRTfr"",""5ALDzwcRJfSyGdGyhP3kP628aqBNHZzLuVww7o9kdspe"",""SysvarC1ock11111111111111111111111111111111""],""data"":""6mJFQCt94hG4CKNYKgVcwe5mbCzQFJzMy9Xq6SMxAZdEeKydAuz6xF"",""programId"":""FsJ3A3u2vn5cTVofAjvy6y5kwABJAqYWpe4975bi2epH""}","null",1354c0005e6440058bccb90c52f05b91,2000-01-01 00:00:00.000,2000-01-01 00:00:00.000
2023-01-02 20:50:38.000,170501443,3o3dwypQ5hsCVAMnLPxMwchjWxojxoEmdoamYqSom5j4cHh7EWJLNVW4JP2o8XaP3hnaUVo4JdAqVn5pqPssRRzV,"[""HfeFy4G9r77iyeXdbfNJjYw4z3NPEKDL6YQh3JzJ9s9f""]",true,6,"null",FsJ3A3u2vn5cTVofAjvy6y5kwABJAqYWpe4975bi2epH,"{""accounts"":[""HfeFy4G9r77iyeXdbfNJjYw4z3NPEKDL6YQh3JzJ9s9f"",""8JPJJkmDScpcNmBRKGZuPuG2GYAveQgP3t5gFuMymwvF"",""SysvarC1ock11111111111111111111111111111111""],""data"":""6mJFQCt94hG4CKNYKgVcwkPcmoKvmgcQChNHDEt2fDAwReb8kUGpSK"",""programId"":""FsJ3A3u2vn5cTVofAjvy6y5kwABJAqYWpe4975bi2epH""}","null",d4218d7409a99123a2bb5edc52992963,2000-01-01 00:00:00.000,2000-01-01 00:00:00.000
2023-01-02 21:39:32.000,170506912,2NWtXxpLdqQDTgRQ3M5nDWzmBNFFgCTdrp64wC5HnGkXCikdbQguV8yatsGrgAqgXt9rSR3Dp4WzLiGXEv8CDLRv,"[""JTmFx5zX9mM94itfk2nQcJnQQDPjcv4UPD7SYj6xDCV""]",true,3,"null",FsJ3A3u2vn5cTVofAjvy6y5kwABJAqYWpe4975bi2epH,"{""accounts"":[""JTmFx5zX9mM94itfk2nQcJnQQDPjcv4UPD7SYj6xDCV"",""7ycfa1ENNT5dVVoMtiMjsgVbkWKFJbu6nF2h1UVT18Cf"",""SysvarC1ock11111111111111111111111111111111""],""data"":""6mJFQCt94hFzHuj3bbbnStFGgbeYicwHdgmE6ktdrt1aPXDdFsw7Hy"",""programId"":""FsJ3A3u2vn5cTVofAjvy6y5kwABJAqYWpe4975bi2epH""}","null",b6d5dd0970f6d2470d4e24c2bf65e03d,2000-01-01 00:00:00.000,2000-01-01 00:00:00.000
2023-01-02 19:42:37.000,170493533,4Ro3DT7W5VyzVJ7qGrhizxgYAJyCVaC4XHE8bTjvHbqkVurbFCvtf4iYbECjhihXkCvYhZdwwgsPrCUxxpYQkfkg,"[""JTmFx5zX9mM94itfk2nQcJnQQDPjcv4UPD7SYj6xDCV""]",true,4,"null",FsJ3A3u2vn5cTVofAjvy6y5kwABJAqYWpe4975bi2epH,"{""accounts"":[""JTmFx5zX9mM94itfk2nQcJnQQDPjcv4UPD7SYj6xDCV"",""GXwvSeEvZ5a1f1tdNSQBRcmRaQ73AxJTi7w6FmCrdiyn"",""SysvarC1ock11111111111111111111111111111111""],""data"":""6mJFQCt94hFzHuj3bbbnStFGgbeYicwHdgmE6ktdrt1NpAWgJRwVrf"",""programId"":""FsJ3A3u2vn5cTVofAjvy6y5kwABJAqYWpe4975bi2epH""}","null",04fd46d0dfabf482b35a85dc10142886,2000-01-01 00:00:00.000,2000-01-01 00:00:00.000
2023-01-02 21:02:12.000,170502725,4Mpuq1LqhffE7TEJ4QBKV7LJ2pKfk3MHQZWsWPNQaHjbzuKfu7ArigXL72scKquHRFuGdjXeDxV2buY6LJhtW32D,"[""5XLqnSjJBAm1XjAcR76QCn8eB1phEQ3py2VAE2f8pdCQ""]",true,1,"null",FsJ3A3u2vn5cTVofAjvy6y5kwABJAqYWpe4975bi2epH,"{""accounts"":[""5XLqnSjJBAm1XjAcR76QCn8eB1phEQ3py2VAE2f8pdCQ"",""JBu1AL4obBcCMqKBBxhpWCNUt136ijcuMZLFvTP7iWdB"",""SysvarC1ock11111111111111111111111111111111""],""data"":""6mJFQCt94hG4CKNYKgVcwhUWC4c8E9GsaZkEbCp3yy6Jf77RKGJxLX"",""programId"":""FsJ3A3u2vn5cTVofAjvy6y5kwABJAqYWpe4975bi2epH""}","null",31020fc993536d43f21839a762f5e1b7,2000-01-01 00:00:00.000,2000-01-01 00:00:00.000
2023-01-02 21:06:56.000,170503257,2pdWfCBt1DDLNcBfYdcSsRSVqxqvg3QF3WNsMrHzCtDicPLrpdBX3BUWs3gBfxM3rtYdEoQXcz74hb6ye5DQ82wg,"[""JTmFx5zX9mM94itfk2nQcJnQQDPjcv4UPD7SYj6xDCV""]",true,6,"null",FsJ3A3u2vn5cTVofAjvy6y5kwABJAqYWpe4975bi2epH,"{""accounts"":[""JTmFx5zX9mM94itfk2nQcJnQQDPjcv4UPD7SYj6xDCV"",""4BxBpUzojWGF67Mh2dMgydPERxStCcX4xqRD6q8EMYgA"",""SysvarC1ock11111111111111111111111111111111""],""data"":""6mJFQCt94hFzHuj3bbbnStFGgbeYicwHdgmE6ktdrt1NLW1txCrVtB"",""programId"":""FsJ3A3u2vn5cTVofAjvy6y5kwABJAqYWpe4975bi2epH""}","null",9f7a5482f07a6f0c603d782135e2ae0e,2000-01-01 00:00:00.000,2000-01-01 00:00:00.000
2023-01-02 21:40:22.000,170507009,3H25bRZCnF12nR19N4rrkRdATc2dMag7t2snXEh1TudPA7T1o96NwHq3t2qNubpfB6AECU35fVVmw58QxRr6N4gN,"[""HfeFy4G9r77iyeXdbfNJjYw4z3NPEKDL6YQh3JzJ9s9f""]",true,1,"null",FsJ3A3u2vn5cTVofAjvy6y5kwABJAqYWpe4975bi2epH,"{""accounts"":[""HfeFy4G9r77iyeXdbfNJjYw4z3NPEKDL6YQh3JzJ9s9f"",""CtJ8EkqLmeYyGB8s4jevpeNsvmD4dxVR2krfsDLcvV8Y"",""SysvarC1ock11111111111111111111111111111111""],""data"":""6mJFQCt94hG4CKNYKgVcwkM5AgWtj4fD7pJXWvsKSNExcBk3mfW3rw"",""programId"":""FsJ3A3u2vn5cTVofAjvy6y5kwABJAqYWpe4975bi2epH""}","null",5bcd2df2322261b5935babc8e29bc014,2000-01-01 00:00:00.000,2000-01-01 00:00:00.000
2023-01-02 20:41:13.000,170500314,224K3mBVwqFEFEcopv2z5zMNyJ27fbjLi9ZpK5uZq31vNXjeK9jHUJbhwndQfefwgoTALSkFYwC2eqfR1Jj1SEu9,"[""FZsgu4Gv9fn1iUm5v7iW3p9joX9HJcmxgXdRCqCGxpfE""]",true,1,"null",FsJ3A3u2vn5cTVofAjvy6y5kwABJAqYWpe4975bi2epH,"{""accounts"":[""FZsgu4Gv9fn1iUm5v7iW3p9joX9HJcmxgXdRCqCGxpfE"",""Ax9ujW5B9oqcv59N8m6f1BpTBq2rGeGaBcpKjC5UYsXU"",""SysvarC1ock11111111111111111111111111111111""],""data"":""6mJFQCt94hG4CKNYKgVcwqrJKPCjQuKT2XHSqnRtYRGz5TTtNo2xV5"",""programId"":""FsJ3A3u2vn5cTVofAjvy6y5kwABJAqYWpe4975bi2epH""}","null",266cc47dbef86a46672714ab7751c6fa,2000-01-01 00:00:00.000,2000-01-01 00:00:00.000
2023-01-02 21:22:23.000,170504995,2k8HQb34X3vqEaqLx3RLVnz2nnGKYJeDbBvHW7633w2vWtyUyRsUrsi15QPbYJYZ8TkvBkzXu2qoY5ivwWfbw6pW,"[""JTmFx5zX9mM94itfk2nQcJnQQDPjcv4UPD7SYj6xDCV""]",true,2,"null",FsJ3A3u2vn5cTVofAjvy6y5kwABJAqYWpe4975bi2epH,"{""accounts"":[""JTmFx5zX9mM94itfk2nQcJnQQDPjcv4UPD7SYj6xDCV"",""3wDLxH34Yz8tGjwHszQ2MfzHwRoaQgKA32uq2bRpjJBW"",""SysvarC1ock11111111111111111111111111111111""],""data"":""6mJFQCt94hG4CKNYKgVcwycUJdLmCDtiaMP7VM9wUkvriQdZuMzobm"",""programId"":""FsJ3A3u2vn5cTVofAjvy6y5kwABJAqYWpe4975bi2epH""}","null",49c891b0a218751d48bba4c04c1600bf,2000-01-01 00:00:00.000,2000-01-01 00:00:00.000
2023-01-02 21:05:44.000,170503122,LDAiMhDzmTLaqcGzJF1JoAcFhdVmGyYQwqaN8yKv9b9HExyrAHYuRzuWdMo6QY9CcrYVvFhyzaGH3KoYLpQUQoY,"[""HXnWFNs2oSfcYUojy1tAW4P3EQTamPTNSduEhPhWCCXN""]",true,4,"null",FsJ3A3u2vn5cTVofAjvy6y5kwABJAqYWpe4975bi2epH,"{""accounts"":[""HXnWFNs2oSfcYUojy1tAW4P3EQTamPTNSduEhPhWCCXN"",""3pyn4svBbxJ9Wnn3RVeafyLWfzie6yC5eTig2S62v9SC"",""SysvarC1ock11111111111111111111111111111111""],""data"":""6mJFQCt94hG4CKNYKgVcwrgqNaTdenv9KcHaFFqZXUBMRNYgp1JYQf"",""programId"":""FsJ3A3u2vn5cTVofAjvy6y5kwABJAqYWpe4975bi2epH""}","null",1c3412a9416596eb64bed26d1d3452aa,2000-01-01 00:00:00.000,2000-01-01 00:00:00.000
2023-01-02 21:19:16.000,170504637,5Sgatgwc59i6Pwu7cFUcLLkkivfqeSey4NKmNsmhP9BcTrRinATopGCik7XrX591wkNLybcoCTw8SWbo4Co4KGJR,"[""JTmFx5zX9mM94itfk2nQcJnQQDPjcv4UPD7SYj6xDCV""]",true,6,"null",FsJ3A3u2vn5cTVofAjvy6y5kwABJAqYWpe4975bi2epH,"{""accounts"":[""JTmFx5zX9mM94itfk2nQcJnQQDPjcv4UPD7SYj6xDCV"",""4BxBpUzojWGF67Mh2dMgydPERxStCcX4xqRD6q8EMYgA"",""SysvarC1ock11111111111111111111111111111111""],""data"":""6mJFQCt94hFzHuj3bbbnStFGgbeYicwHdgmE6ktdrt1eQ1adoDLTLK"",""programId"":""FsJ3A3u2vn5cTVofAjvy6y5kwABJAqYWpe4975bi2epH""}","null",4c6aec6ea8ca057c2c42a38331545f73,2000-01-01 00:00:00.000,2000-01-01 00:00:00.000
2023-01-02 21:20:29.000,170504772,22z1otMuWPqbvpq3GE8zqB1QSA1nAvJxV6wnFTCmnB5gLTiZHsykJGkyiott2WXy73Yuw64zUfJMWJrV9NxA9Czh,"[""9TvAYCUkGajRXs42ZrTpDQ3xf16cXBG13AJ3WRAue6Vw""]",true,1,"null",FsJ3A3u2vn5cTVofAjvy6y5kwABJAqYWpe4975bi2epH,"{""accounts"":[""9TvAYCUkGajRXs42ZrTpDQ3xf16cXBG13AJ3WRAue6Vw"",""5bmWuR1dgP4avtGYMNKLuxumZTVKGgoN2BCMXWDNL9nY"",""SysvarC1ock11111111111111111111111111111111""],""data"":""6mJFQCt94hG4CKNYKgVcwooTkSVAFtosFVBQDxnJ1ccdJsQv7Luchu"",""programId"":""FsJ3A3u2vn5cTVofAjvy6y5kwABJAqYWpe4975bi2epH""}","null",3024b3695ed18d1162b67dbef557c730,2000-01-01 00:00:00.000,2000-01-01 00:00:00.000
2023-01-02 20:56:35.000,170502092,5ynhQ9CWjvYJrSQxd8P3Lkt7XwEbuxinR65jJa48gnijqzmYKuH9weNFR7DVXsAJpbX6pEgD6EQKKahfeQAbNxqV,"[""2oz91K9pKf2sYr4oRtQvxBcxxo8gniZvXyNoMTQYhoqv""]",true,2,"null",FsJ3A3u2vn5cTVofAjvy6y5kwABJAqYWpe4975bi2epH,"{""accounts"":[""2oz91K9pKf2sYr4oRtQvxBcxxo8gniZvXyNoMTQYhoqv"",""CQzPyC5xVhkuBfWFJiPCvPEnBshmRium4xxUxnX1ober"",""SysvarC1ock11111111111111111111111111111111""],""data"":""6mJFQCt94hG4CKNYKgVcwr2QZxQkjURUSzdHUeQzBsx43fZtdARAhV"",""programId"":""FsJ3A3u2vn5cTVofAjvy6y5kwABJAqYWpe4975bi2epH""}","null",19cb226a9f8ca2629cbde871a890689f,2000-01-01 00:00:00.000,2000-01-01 00:00:00.000
2023-01-02 21:08:00.000,170503377,2qDmBo8MmpJXvnypFDEzNqu5RNhJyUHzFLeGLsx2aocQp55GJj9VcsFA9BH3cm32Go1Tzm6CCDdMoUedSsdwr8RF,"[""JTmFx5zX9mM94itfk2nQcJnQQDPjcv4UPD7SYj6xDCV""]",true,5,"null",FsJ3A3u2vn5cTVofAjvy6y5kwABJAqYWpe4975bi2epH,"{""accounts"":[""JTmFx5zX9mM94itfk2nQcJnQQDPjcv4UPD7SYj6xDCV"",""FEahUmcozi3aVvEFGqaKhE7VRN9Kde9sXoFt4vJMu2fx"",""SysvarC1ock11111111111111111111111111111111""],""data"":""6mJFQCt94hG4CKNYKgVcwnUrZgrcfNpvUzxTJuntQKVYjMMmhjXpYF"",""programId"":""FsJ3A3u2vn5cTVofAjvy6y5kwABJAqYWpe4975bi2epH""}","null",8194ecb7008c8ef938cc2600570b2d53,2000-01-01 00:00:00.000,2000-01-01 00:00:00.000
2023-01-02 21:04:27.000,170502987,4iS2fggP7dzXQtsXRVAvoTSiTqiLiGHr6tjgnMHQ1gERNMdJvqwdQCkK5feDnz316PSY3LDKvaZBprvV9FPjkouv,"[""4YfiMm6wp4M6rpyuCkF74aQmNrL2GtF72he2fCiS4Lo2""]",true,7,"null",FsJ3A3u2vn5cTVofAjvy6y5kwABJAqYWpe4975bi2epH,"{""accounts"":[""4YfiMm6wp4M6rpyuCkF74aQmNrL2GtF72he2fCiS4Lo2"",""FEahUmcozi3aVvEFGqaKhE7VRN9Kde9sXoFt4vJMu2fx"",""SysvarC1ock11111111111111111111111111111111""],""data"":""6mJFQCt94hG4CKNYKgVcwkPF2GxK5KPrQpV7s5FPZmMhPUwYAebGuV"",""programId"":""FsJ3A3u2vn5cTVofAjvy6y5kwABJAqYWpe4975bi2epH""}","null",d86932d711e81a0423a14ca52c126905,2000-01-01 00:00:00.000,2000-01-01 00:00:00.000
2023-01-02 21:29:24.000,170505772,35bWdjJD1AdTL5nZD7kLzjkskvfnT1hjPmUyS85hu6R82FSBkJcHdLGAZmvr8mLDsvo1U6WzP92fFnoFjozo6RkY,"[""2oz91K9pKf2sYr4oRtQvxBcxxo8gniZvXyNoMTQYhoqv""]",true,3,"null",FsJ3A3u2vn5cTVofAjvy6y5kwABJAqYWpe4975bi2epH,"{""accounts"":[""2oz91K9pKf2sYr4oRtQvxBcxxo8gniZvXyNoMTQYhoqv"",""CQzPyC5xVhkuBfWFJiPCvPEnBshmRium4xxUxnX1ober"",""SysvarC1ock11111111111111111111111111111111""],""data"":""6mJFQCt94hG4CKNYKgVcwsaJ4DZ9pUSMPtBCphncMqjD7qZ6yQBHRH"",""programId"":""FsJ3A3u2vn5cTVofAjvy6y5kwABJAqYWpe4975bi2epH""}","null",dc2daa356166eb7e472aa6bf103a6b2a,2000-01-01 00:00:00.000,2000-01-01 00:00:00.000
2023-01-02 20:43:19.000,170500561,4Zg5gNEzGjrcAY4Kjp8yKKurYspwuXz6VsKif82Lw1q4hkNS8qYikMzcwmC76cCEokFwZ7FYDoUfp5xHeNjdteCP,"[""2oz91K9pKf2sYr4oRtQvxBcxxo8gniZvXyNoMTQYhoqv""]",true,2,"null",FsJ3A3u2vn5cTVofAjvy6y5kwABJAqYWpe4975bi2epH,"{""accounts"":[""2oz91K9pKf2sYr4oRtQvxBcxxo8gniZvXyNoMTQYhoqv"",""H5nsUtEotaUYwJ35VBPaxjhvUNxMbWNWxqDDfCQimJZs"",""SysvarC1ock11111111111111111111111111111111""],""data"":""6mJFQCt94hG4CKNYKgVcweMKM7BuMHtXPW9nZAJawcib4ReCdoKNCX"",""programId"":""FsJ3A3u2vn5cTVofAjvy6y5kwABJAqYWpe4975bi2epH""}","null",ab1ca6a25e4d25fb88542eeebeec37fb,2000-01-01 00:00:00.000,2000-01-01 00:00:00.000
2023-01-02 21:11:02.000,170503731,4oykg8qU83bfM2TCqykW1YHdnMwk1W7VcxKnA5G8WCxKmxxv3NaQqynJ4kMdNp8CWK3gPj8YUa6HacWKmFgLNesa,"[""Cy7J9Y6GZB3Jhj6xFnSAPs3VNPZhWoFVmYaA6hERr4vC""]",true,0,"null",FsJ3A3u2vn5cTVofAjvy6y5kwABJAqYWpe4975bi2epH,"{""accounts"":[""Cy7J9Y6GZB3Jhj6xFnSAPs3VNPZhWoFVmYaA6hERr4vC"",""JBu1AL4obBcCMqKBBxhpWCNUt136ijcuMZLFvTP7iWdB"",""SysvarC1ock11111111111111111111111111111111""],""data"":""6mJFQCt94hG4CKNYKgVcwx7JxToHW5sKfrX7Q1M63DtebBXiHMhr71"",""programId"":""FsJ3A3u2vn5cTVofAjvy6y5kwABJAqYWpe4975bi2epH""}","null",426162ec8592aadf10b7ad63096412ee,2000-01-01 00:00:00.000,2000-01-01 00:00:00.000
2023-01-02 20:56:53.000,170502120,RwGKep86dBCuUfLQkLuthHVDf2K3D9ghSEHaXY6qFCTeLjZZM8eXoAJQN4xLHkwdzAwHiA2QYRmHFxWe2wqmagi,"[""JTmFx5zX9mM94itfk2nQcJnQQDPjcv4UPD7SYj6xDCV""]",true,9,"null",FsJ3A3u2vn5cTVofAjvy6y5kwABJAqYWpe4975bi2epH,"{""accounts"":[""JTmFx5zX9mM94itfk2nQcJnQQDPjcv4UPD7SYj6xDCV"",""B8piRrj78PWq59VL5PJ4fZ8JxbsQB6sFKQTuaEEGsCuz"",""SysvarC1ock11111111111111111111111111111111""],""data"":""6mJFQCt94hFzHuj3bbbnStFGgbeYicwHdgmE6ktdrt1mvBsTRGGeqd"",""programId"":""FsJ3A3u2vn5cTVofAjvy6y5kwABJAqYWpe4975bi2epH""}","null",5106a78eebed557d41e5683d84fd4c78,2000-01-01 00:00:00.000,2000-01-01 00:00:00.000
2023-01-02 20:18:29.000,170497640,4w9JyK8MAxQsVV5HXtN3BALFzhoTjDE2imW6odrjSpfwE3gCE1shWX51fVEAhfCfGQYCmmdpDF2inhjVVZ5pskk3,"[""JTmFx5zX9mM94itfk2nQcJnQQDPjcv4UPD7SYj6xDCV""]",true,3,"null",FsJ3A3u2vn5cTVofAjvy6y5kwABJAqYWpe4975bi2epH,"{""accounts"":[""JTmFx5zX9mM94itfk2nQcJnQQDPjcv4UPD7SYj6xDCV"",""7Dn52EY5EGE8Nvvw98KVMGPWTiTGn3PF4y24TVLyXdT9"",""SysvarC1ock11111111111111111111111111111111""],""data"":""6mJFQCt94hG4CKNYKgVcwsjhRYSTE78FuyCYHWSfpYGd7LhJEbSiyd"",""programId"":""FsJ3A3u2vn5cTVofAjvy6y5kwABJAqYWpe4975bi2epH""}","null",b0e9d4f7e505edc2a6fc47de24c6e989,2000-01-01 00:00:00.000,2000-01-01 00:00:00.000
2023-01-02 21:29:53.000,170505831,36DVhJvfiFpF5io2AV1MCdbR28nqtdRhuRhAEYazzLVXiNLnYC7UDK99ei5pw6taVsDJYpCZb1uwfHP5qZpiXR5W,"[""PinYvHqMTZVrRTpwK9x3dB9vL7tsGtGedSz8EqeynuA""]",true,4,"null",FsJ3A3u2vn5cTVofAjvy6y5kwABJAqYWpe4975bi2epH,"{""accounts"":[""PinYvHqMTZVrRTpwK9x3dB9vL7tsGtGedSz8EqeynuA"",""JBu1AL4obBcCMqKBBxhpWCNUt136ijcuMZLFvTP7iWdB"",""SysvarC1ock11111111111111111111111111111111""],""data"":""6mJFQCt94hG4CKNYKgVcwxbtdutHQfNqiYVtrkPmYTTwzNThf3PdRq"",""programId"":""FsJ3A3u2vn5cTVofAjvy6y5kwABJAqYWpe4975bi2epH""}","null",e1774cab4cde014a88615e08b1be6189,2000-01-01 00:00:00.000,2000-01-01 00:00:00.000
2023-01-02 21:29:37.000,170505801,67VakpcFtD2hsPHS6V6ZartuRqRKX1j7X1NGHsq7a1dPVD2EpuF6o91poVwDk95PCA2R8HNkXbo1atbVw3drMEv1,"[""HfeFy4G9r77iyeXdbfNJjYw4z3NPEKDL6YQh3JzJ9s9f""]",true,2,"null",FsJ3A3u2vn5cTVofAjvy6y5kwABJAqYWpe4975bi2epH,"{""accounts"":[""HfeFy4G9r77iyeXdbfNJjYw4z3NPEKDL6YQh3JzJ9s9f"",""5bmWuR1dgP4avtGYMNKLuxumZTVKGgoN2BCMXWDNL9nY"",""SysvarC1ock11111111111111111111111111111111""],""data"":""6mJFQCt94hG4CKNYKgVcwcgQWX1EpvfBoG9PtF4FDKcPuhdjGU88ZV"",""programId"":""FsJ3A3u2vn5cTVofAjvy6y5kwABJAqYWpe4975bi2epH""}","null",cef914b42da58c7af7b1c02ff863d504,2000-01-01 00:00:00.000,2000-01-01 00:00:00.000
2023-01-02 21:14:17.000,170504086,25HHNjVK5qTptRyUzsaxTAR55Ybojwqa37rREnpdyXQUoh6DdNvMU4DM2phEXpbb4nJNkwtqJBn8qUaAuiAJAjyW,"[""JTmFx5zX9mM94itfk2nQcJnQQDPjcv4UPD7SYj6xDCV""]",true,8,"null",FsJ3A3u2vn5cTVofAjvy6y5kwABJAqYWpe4975bi2epH,"{""accounts"":[""JTmFx5zX9mM94itfk2nQcJnQQDPjcv4UPD7SYj6xDCV"",""JBu1AL4obBcCMqKBBxhpWCNUt136ijcuMZLFvTP7iWdB"",""SysvarC1ock11111111111111111111111111111111""],""data"":""6mJFQCt94hG4CKNYKgVcwhX7YK5AYVfWyHzTkVbAWuBoWjxNTu9yxj"",""programId"":""FsJ3A3u2vn5cTVofAjvy6y5kwABJAqYWpe4975bi2epH""}","null",3e5fb6396b01841f1f6fbf1be545efa7,2000-01-01 00:00:00.000,2000-01-01 00:00:00.000
2023-01-02 21:39:03.000,170506858,4XNbrFxk8WBAHygJAunnv5kh4pTiSzZsAnuXUoftjSwqSUUx26oUtEUH4qTmh3iWHyJW5hjL4RgzwG7KSHKtD1rP,"[""JTmFx5zX9mM94itfk2nQcJnQQDPjcv4UPD7SYj6xDCV""]",true,7,"null",FsJ3A3u2vn5cTVofAjvy6y5kwABJAqYWpe4975bi2epH,"{""accounts"":[""JTmFx5zX9mM94itfk2nQcJnQQDPjcv4UPD7SYj6xDCV"",""AnLf8tVYCM816gmBjiy8n53eXKKEDydT5piYjjQDPgTB"",""SysvarC1ock11111111111111111111111111111111""],""data"":""6mJFQCt94hG4CKNYKgVcwwoDCBqo2RaNxFPnzyTuF9y4PmigLyZZkb"",""programId"":""FsJ3A3u2vn5cTVofAjvy6y5kwABJAqYWpe4975bi2epH""}","null",193c376b8c75ee8113ef0d5ad94be89e,2000-01-01 00:00:00.000,2000-01-01 00:00:00.000
2023-01-02 20:52:10.000,170501615,397XaZLV93UDwAFo7tb42bhhhUdFtKtkF2v7YhJynmMViRo2crVTxrUV7EjDcFdxwy7XmH58rCp145VCZDSr9GzQ,"[""JTmFx5zX9mM94itfk2nQcJnQQDPjcv4UPD7SYj6xDCV""]",true,2,"null",FsJ3A3u2vn5cTVofAjvy6y5kwABJAqYWpe4975bi2epH,"{""accounts"":[""JTmFx5zX9mM94itfk2nQcJnQQDPjcv4UPD7SYj6xDCV"",""CrCpTerNqtZvqLcKqz1k13oVeXV9WkMD2zA9hBKXrsbN"",""SysvarC1ock11111111111111111111111111111111""],""data"":""6mJFQCt94hG4CKNYKgVcwuADpTEWzbsFWWbnHVeuRc5MtRqM9XzHqR"",""programId"":""FsJ3A3u2vn5cTVofAjvy6y5kwABJAqYWpe4975bi2epH""}","null",eecc7505bcd9688fd4690853bc7ce27b,2000-01-01 00:00:00.000,2000-01-01 00:00:00.000
2023-01-02 21:06:01.000,170503151,5VVosAcvdYjPqKTSfDT4WUWFL4mhzZMWihf5Asn5R8WF64stckgmcvNeaQZ1SvMCbrgxojee57wePGDpN74CckXf,"[""Y2akr3bXHRsqyP1QJtbm9G9N88ZV4t1KfaFeDzKRTfr""]",true,3,"null",FsJ3A3u2vn5cTVofAjvy6y5kwABJAqYWpe4975bi2epH,"{""accounts"":[""Y2akr3bXHRsqyP1QJtbm9G9N88ZV4t1KfaFeDzKRTfr"",""FNNvb1AFDnDVPkocEri8mWbJ1952HQZtFLuwPiUjSJQ"",""SysvarC1ock11111111111111111111111111111111""],""data"":""6mJFQCt94hG4CKNYKgVcweGCm6pU1S3X9hzwm6Sm2E7N18qxrnpAAj"",""programId"":""FsJ3A3u2vn5cTVofAjvy6y5kwABJAqYWpe4975bi2epH""}","null",29fafadab486497d0a8bb9a06e29962a,2000-01-01 00:00:00.000,2000-01-01 00:00:00.000
2023-01-02 21:33:39.000,170506252,3mgBYEkw1zjSUhNat9Gha7tMHoFB83FjEPKH6YQTbAfuPAR4BgfBubrcgTugKtcAXWkMAih3X1CaifZ8xHeG3cdU,"[""9TvAYCUkGajRXs42ZrTpDQ3xf16cXBG13AJ3WRAue6Vw""]",true,1,"null",FsJ3A3u2vn5cTVofAjvy6y5kwABJAqYWpe4975bi2epH,"{""accounts"":[""9TvAYCUkGajRXs42ZrTpDQ3xf16cXBG13AJ3WRAue6Vw"",""GVXRSBjFk6e6J3NbVPXohDJetcTjaeeuykUpbQF8UoMU"",""SysvarC1ock11111111111111111111111111111111""],""data"":""6mJFQCt94hG4CKNYKgVcwuHFn93kjefz5s468C6vgQyUsZ1XWBr5ef"",""programId"":""FsJ3A3u2vn5cTVofAjvy6y5kwABJAqYWpe4975bi2epH""}","null",1f671fd8f180188b39632656b96ed4e5,2000-01-01 00:00:00.000,2000-01-01 00:00:00.000
2023-01-02 19:48:18.000,170494203,2kUm7guen9mP8fmCJQuPUNH77NbA7VsnqyeURPFpuY8bJSM74uRdKgpLKr8PMtqYja4qQkc2HbgxkbJzNP3wTtd2,"[""CSHaresdXec774tTP5eZgG2aY2MJz5cxYHTmEUqgu5ke""]",true,6,"null",FsJ3A3u2vn5cTVofAjvy6y5kwABJAqYWpe4975bi2epH,"{""accounts"":[""CSHaresdXec774tTP5eZgG2aY2MJz5cxYHTmEUqgu5ke"",""FsSM3s38PX9K7Dn6eGzuE29S2Dsk1Sss1baytTQdCaQj"",""SysvarC1ock11111111111111111111111111111111""],""data"":""6mJFQCt94hG4CKNYKgVcwzyqAwXop5ZVWGosFZngWwHdxkQUKgUBwu"",""programId"":""FsJ3A3u2vn5cTVofAjvy6y5kwABJAqYWpe4975bi2epH""}","null",d28701d1f67bd8637733627d74b197b8,2000-01-01 00:00:00.000,2000-01-01 00:00:00.000
2023-01-02 21:08:10.000,170503393,x9U5bkPz2LoDThhfiZYnyg7f2f4KdcHaqJQoEpRizJegf3n9x3DjVteVAgxkKE8XBb4yYssuH6UeTM6zXqwEvUL,"[""B5K8pqDPixN56hGGUqkv3YQkYEtvEYnNwVF1MnABeCmj""]",false,0,"null",FsJ3A3u2vn5cTVofAjvy6y5kwABJAqYWpe4975bi2epH,"{""accounts"":[""B5K8pqDPixN56hGGUqkv3YQkYEtvEYnNwVF1MnABeCmj"",""2k1qZ9ZMNUNmpGghq6ZQRj7z2d2ATNnzzYugVhiTDCPn"",""SysvarC1ock11111111111111111111111111111111""],""data"":""6mJFQAEssWE8edQADBhd4M3VS7eQDvDyz2TiwH9twD1dC5j3uzJYZm"",""programId"":""FsJ3A3u2vn5cTVofAjvy6y5kwABJAqYWpe4975bi2epH""}","null",8051ec30f530feaef56a689293dbf78a,2000-01-01 00:00:00.000,2000-01-01 00:00:00.000
2023-01-02 20:45:18.000,170500803,5jRmXpyUnhSnh77EoyYobjdqKDZd6WghHJs53WM3ws7a8mUvRQqeLDajmTzGYwYz8FkUnCEgVPtsTN75DtcU7kc,"[""5XLqnSjJBAm1XjAcR76QCn8eB1phEQ3py2VAE2f8pdCQ""]",true,4,"null",FsJ3A3u2vn5cTVofAjvy6y5kwABJAqYWpe4975bi2epH,"{""accounts"":[""5XLqnSjJBAm1XjAcR76QCn8eB1phEQ3py2VAE2f8pdCQ"",""Ax9ujW5B9oqcv59N8m6f1BpTBq2rGeGaBcpKjC5UYsXU"",""SysvarC1ock11111111111111111111111111111111""],""data"":""6mJFQCt94hG4CKNYKgVcwiJQaFU25RsAASfPrdABzaWZyS3a6hqCzj"",""programId"":""FsJ3A3u2vn5cTVofAjvy6y5kwABJAqYWpe4975bi2epH""}","null",d05e52b3bc9c1325c22739b14079c775,2000-01-01 00:00:00.000,2000-01-01 00:00:00.000
2023-01-02 20:46:56.000,170500990,5LC4hZMFkAarm3kR612WCfmf7UsNSMWPvqGkzY82KmpWhQ5uKpXhz27Dpdh38we8dip6sGZxvQpMVDbyMtFbgthP,"[""JTmFx5zX9mM94itfk2nQcJnQQDPjcv4UPD7SYj6xDCV""]",true,3,"null",FsJ3A3u2vn5cTVofAjvy6y5kwABJAqYWpe4975bi2epH,"{""accounts"":[""JTmFx5zX9mM94itfk2nQcJnQQDPjcv4UPD7SYj6xDCV"",""8RMnV1eD55iqUFJLMguPkYBkq8DCtx81XcmAja93LvRR"",""SysvarC1ock11111111111111111111111111111111""],""data"":""6mJFQCt94hG4CKNYKgVcwvdEK18iKmHje2ws1gDqKQ3hYjAt9bkduH"",""programId"":""FsJ3A3u2vn5cTVofAjvy6y5kwABJAqYWpe4975bi2epH""}","null",78580bc320cbf022982297ebb34d6fe6,2000-01-01 00:00:00.000,2000-01-01 00:00:00.000
2023-01-02 21:36:50.000,170506600,2nBxRnxZrRBYVntQJ42S7sdYJ1L6M4VBFPCGwN8TAQDhT4QwhRAABZs9sNkqF6GLF17UzzCLja9TpgydJ4bPf5ag,"[""D68ZFycNR6H4A79puYfZpE1j8LZQeP9SXTukF3dSUby4""]",true,1,"null",FsJ3A3u2vn5cTVofAjvy6y5kwABJAqYWpe4975bi2epH,"{""accounts"":[""D68ZFycNR6H4A79puYfZpE1j8LZQeP9SXTukF3dSUby4"",""8RMnV1eD55iqUFJLMguPkYBkq8DCtx81XcmAja93LvRR"",""SysvarC1ock11111111111111111111111111111111""],""data"":""6mJFQCt94hG4CKNYKgVcwq24tfGHkJt1sdQB1ecF2Paet5FYEysK2F"",""programId"":""FsJ3A3u2vn5cTVofAjvy6y5kwABJAqYWpe4975bi2epH""}","null",862a046e2398d04d105279aa35320265,2000-01-01 00:00:00.000,2000-01-01 00:00:00.000
2023-01-02 21:02:06.000,170502710,2iHLmKVeN3BBvhCkg6iDeDNGPXkJwotBLAKaDR3c5KrRuhqWTn4q1qEz8hZVL3VkrQSX52i214FCkGqUBV99CKi5,"[""PinYvHqMTZVrRTpwK9x3dB9vL7tsGtGedSz8EqeynuA""]",true,2,"null",FsJ3A3u2vn5cTVofAjvy6y5kwABJAqYWpe4975bi2epH,"{""accounts"":[""PinYvHqMTZVrRTpwK9x3dB9vL7tsGtGedSz8EqeynuA"",""GVXRSBjFk6e6J3NbVPXohDJetcTjaeeuykUpbQF8UoMU"",""SysvarC1ock11111111111111111111111111111111""],""data"":""6mJFQCt94hG4CKNYKgVcwxeBJi4ggVo1LqAfaefUtDZJdHEg4mbpPy"",""programId"":""FsJ3A3u2vn5cTVofAjvy6y5kwABJAqYWpe4975bi2epH""}","null",5f84f4b37a802f9e26ecc83762b2f286,2000-01-01 00:00:00.000,2000-01-01 00:00:00.000
2023-01-02 20:48:40.000,170501198,dwT32PafVfHKJHJgj2JE35xGoR8suiVG69o8tFR2Rokkr6ot2prruCs8AJ79pukowGfh4T5nPk9mzZSoRvdMDpj,"[""HfeFy4G9r77iyeXdbfNJjYw4z3NPEKDL6YQh3JzJ9s9f""]",true,6,"null",FsJ3A3u2vn5cTVofAjvy6y5kwABJAqYWpe4975bi2epH,"{""accounts"":[""HfeFy4G9r77iyeXdbfNJjYw4z3NPEKDL6YQh3JzJ9s9f"",""4CkQJBxhU8EZ2UjhigbtdaPbpTe6mqf811fipYBFbSYN"",""SysvarC1ock11111111111111111111111111111111""],""data"":""6mJFQCt94hG4CKNYKgVcwhnVq4nssTcrw3NuXH5LfTnU1BeS2df4v3"",""programId"":""FsJ3A3u2vn5cTVofAjvy6y5kwABJAqYWpe4975bi2epH""}","null",bbd06b27a0a00836d748879e09663967,2000-01-01 00:00:00.000,2000-01-01 00:00:00.000
2023-01-02 21:40:26.000,170507017,2GcPyxtYqYWtqeqK4j3m3GuGG9XZdkz3ZgkN29wRjoqvqk14NuqspVwNZjqqujx3ZXqpeBoJv5bV2uYDwP4aK8bV,"[""D68ZFycNR6H4A79puYfZpE1j8LZQeP9SXTukF3dSUby4""]",true,2,"null",FsJ3A3u2vn5cTVofAjvy6y5kwABJAqYWpe4975bi2epH,"{""accounts"":[""D68ZFycNR6H4A79puYfZpE1j8LZQeP9SXTukF3dSUby4"",""CrCpTerNqtZvqLcKqz1k13oVeXV9WkMD2zA9hBKXrsbN"",""SysvarC1ock11111111111111111111111111111111""],""data"":""6mJFQCt94hG4CKNYKgVcwvkWJhwyZdv6k8T3e9N1owTeuE9o8n7ucb"",""programId"":""FsJ3A3u2vn5cTVofAjvy6y5kwABJAqYWpe4975bi2epH""}","null",4cf07c9e52c4913f35432a36e659e276,2000-01-01 00:00:00.000,2000-01-01 00:00:00.000
2023-01-02 21:04:05.000,170502946,F4owoheuD5JBBJ9yNCAHWwqN3u9rHFDf4B4cWDNcEnTwbUUDpddwDvDtNhWiVXCh3NFpyr8axetfZjzK4N9UjaF,"[""JTmFx5zX9mM94itfk2nQcJnQQDPjcv4UPD7SYj6xDCV""]",true,8,"null",FsJ3A3u2vn5cTVofAjvy6y5kwABJAqYWpe4975bi2epH,"{""accounts"":[""JTmFx5zX9mM94itfk2nQcJnQQDPjcv4UPD7SYj6xDCV"",""m24crrKFG5jw5ySpvb1k83PRFKVUgzTRm4uvK2WYZtX"",""SysvarC1ock11111111111111111111111111111111""],""data"":""6mJFQCt94hG4CKNYKgVcwqZSzahKCLgYvWECgnYU3X5a6xvgNrnm6w"",""programId"":""FsJ3A3u2vn5cTVofAjvy6y5kwABJAqYWpe4975bi2epH""}","null",e73161257b6dbdf9488cbadec1d74c90,2000-01-01 00:00:00.000,2000-01-01 00:00:00.000
2023-01-02 20:42:56.000,170500519,4fXneq9qzRtjJ3mfZE5Q18ooPWUQSv35HndmGiMGCzeEsEgEy9tpnXY2RFvmAbQ9ALWoq3HQoXDJGM94fahNWqYj,"[""Y2akr3bXHRsqyP1QJtbm9G9N88ZV4t1KfaFeDzKRTfr""]",true,6,"null",FsJ3A3u2vn5cTVofAjvy6y5kwABJAqYWpe4975bi2epH,"{""accounts"":[""Y2akr3bXHRsqyP1QJtbm9G9N88ZV4t1KfaFeDzKRTfr"",""79wm3jjcPr6RaNQ4DGvP5KxG1mNd3gEBsg6FsNVFezK4"",""SysvarC1ock11111111111111111111111111111111""],""data"":""6mJFQCt94hG4CKNYKgVcwdYpqVvqJYuoMv6gq2QUwLRSrrb5eDK4bq"",""programId"":""FsJ3A3u2vn5cTVofAjvy6y5kwABJAqYWpe4975bi2epH""}","null",89efd418e71ff6b903ccd8a6fb67381b,2000-01-01 00:00:00.000,2000-01-01 00:00:00.000
2023-01-02 21:16:15.000,170504305,2rR5Gfu8Y5kr3FrtSt6toFgLC9dpu23Cd3LCapS4Xx8r5zqa7jM3ZF3Kao5YsAsQuYU7hH2q8ouzfAXgZPhBGVWM,"[""JTmFx5zX9mM94itfk2nQcJnQQDPjcv4UPD7SYj6xDCV""]",true,2,"null",FsJ3A3u2vn5cTVofAjvy6y5kwABJAqYWpe4975bi2epH,"{""accounts"":[""JTmFx5zX9mM94itfk2nQcJnQQDPjcv4UPD7SYj6xDCV"",""H8DvrfSaRfUyP1Ytse1exGf7VSinLWtmKNNaBhA4as9P"",""SysvarC1ock11111111111111111111111111111111""],""data"":""6mJFQCt94hFzHuj3bbbnStFGgbeYicwHdgmE6ktdrt1SXBdAcbVNBh"",""programId"":""FsJ3A3u2vn5cTVofAjvy6y5kwABJAqYWpe4975bi2epH""}","null",fb3c09aac7f0c5910534c5feb2410ab6,2000-01-01 00:00:00.000,2000-01-01 00:00:00.000
2023-01-02 21:26:06.000,170505415,2AtunKXLPyLZcBf4DMXDbEhpEGdKKSKsqeRAXf7T52RF6mKJNeLoPKq96LnSG8p9Lx1UakRbkAdVWZVso459hjEn,"[""JTmFx5zX9mM94itfk2nQcJnQQDPjcv4UPD7SYj6xDCV""]",true,3,"null",FsJ3A3u2vn5cTVofAjvy6y5kwABJAqYWpe4975bi2epH,"{""accounts"":[""JTmFx5zX9mM94itfk2nQcJnQQDPjcv4UPD7SYj6xDCV"",""H6ARHf6YXhGYeQfUzQNGk6rDNnLBQKrenN712K4AQJEG"",""SysvarC1ock11111111111111111111111111111111""],""data"":""6mJFQCt94hG4CKNYKgVcwdYp5L8SzJYkiRsxyt92EaDhecN5bePQQF"",""programId"":""FsJ3A3u2vn5cTVofAjvy6y5kwABJAqYWpe4975bi2epH""}","null",9a1a984302a4e654dbb6b2b38993b007,2000-01-01 00:00:00.000,2000-01-01 00:00:00.000
2023-01-02 21:28:11.000,170505646,LNcAfZ3yMk1S3Q2MYgbR1qvFJMcwjS9NW834jyBw6fbratfasTj6UygEtozg7tyVeQFVGPdtu4bi2rN2GFB5exP,"[""4YfiMm6wp4M6rpyuCkF74aQmNrL2GtF72he2fCiS4Lo2""]",true,7,"null",FsJ3A3u2vn5cTVofAjvy6y5kwABJAqYWpe4975bi2epH,"{""accounts"":[""4YfiMm6wp4M6rpyuCkF74aQmNrL2GtF72he2fCiS4Lo2"",""FEahUmcozi3aVvEFGqaKhE7VRN9Kde9sXoFt4vJMu2fx"",""SysvarC1ock11111111111111111111111111111111""],""data"":""6mJFQCt94hG4CKNYKgVcwkPF2GxK5KPrQpV7s5FPZmMz7zBjbLBFCB"",""programId"":""FsJ3A3u2vn5cTVofAjvy6y5kwABJAqYWpe4975bi2epH""}","null",555d7de0f2902c164f5d7d9eaa897fd1,2000-01-01 00:00:00.000,2000-01-01 00:00:00.000
2023-01-02 21:10:10.000,170503632,3eP8h8f5rudiWcZEGQh93FCq98kLQpnqBe1WLQLEteeASLmqqJ7AU4mnL2V2oaahZ7XiSLg7pCQ7Zy4AjkQNkG2,"[""F2LfgbSZmJn94RepGEo1YUCqsXtxHag67er5EktXyMwc""]",true,2,"null",FsJ3A3u2vn5cTVofAjvy6y5kwABJAqYWpe4975bi2epH,"{""accounts"":[""F2LfgbSZmJn94RepGEo1YUCqsXtxHag67er5EktXyMwc"",""3wDLxH34Yz8tGjwHszQ2MfzHwRoaQgKA32uq2bRpjJBW"",""SysvarC1ock11111111111111111111111111111111""],""data"":""6mJFQCt94hG4CKNYKgVcwbh9m2AqJVv1aLUF2SCXK5qoVKkwufJKqH"",""programId"":""FsJ3A3u2vn5cTVofAjvy6y5kwABJAqYWpe4975bi2epH""}","null",6e6523af1310d791a1982ac7e820c9e4,2000-01-01 00:00:00.000,2000-01-01 00:00:00.000
2023-01-02 20:54:51.000,170501899,isUKFTK3DfBvvss9828xXQFzokeypLrB699S5VFP7gweG5mg2h1pmcLJaQCtwrS9ZnE3Cq8aVtWXCLpBX2Bq1u5,"[""JTmFx5zX9mM94itfk2nQcJnQQDPjcv4UPD7SYj6xDCV""]",true,7,"null",FsJ3A3u2vn5cTVofAjvy6y5kwABJAqYWpe4975bi2epH,"{""accounts"":[""JTmFx5zX9mM94itfk2nQcJnQQDPjcv4UPD7SYj6xDCV"",""EcV1X1gY2yb4KXxjVQtTHTbioum2gvmPnFk4zYAt7zne"",""SysvarC1ock11111111111111111111111111111111""],""data"":""6mJFQCt94hG4CKNYKgVcwoNBEyKs8kWUWSjX42HjJtaLfenhFmh6ET"",""programId"":""FsJ3A3u2vn5cTVofAjvy6y5kwABJAqYWpe4975bi2epH""}","null",39aa9d4592f1427958bdfefb00296741,2000-01-01 00:00:00.000,2000-01-01 00:00:00.000
2023-01-02 21:08:02.000,170503381,2jcwfAptiDQVWgTLQYfq1bP4yEVwdf5pTVrYz83fGD4mijsLtjgEXG9fo1QcyE82o1Rio4EuHWPXcD8RV4vE3Dry,"[""Y2akr3bXHRsqyP1QJtbm9G9N88ZV4t1KfaFeDzKRTfr""]",true,5,"null",FsJ3A3u2vn5cTVofAjvy6y5kwABJAqYWpe4975bi2epH,"{""accounts"":[""Y2akr3bXHRsqyP1QJtbm9G9N88ZV4t1KfaFeDzKRTfr"",""Gb5LWEh4cnm8N6R4CVnnAfstzc6v25PY4noxnjHY6vF5"",""SysvarC1ock11111111111111111111111111111111""],""data"":""6mJFQCt94hG4CKNYKgVcwvJagrquYMaGzctn4spQzkeWPsD1dqfM8j"",""programId"":""FsJ3A3u2vn5cTVofAjvy6y5kwABJAqYWpe4975bi2epH""}","null",1b0e801ecb17508f8ff062b0b7456d11,2000-01-01 00:00:00.000,2000-01-01 00:00:00.000
2023-01-02 20:38:44.000,170500027,2anaFZ6KZMSatUEi4ehrjaFEZTvqGFcLLPL4NHCCgKRVSMicb9NEwjEm4tLSoRRPzs7zpgdrkUCmLmkGwiUy8n5P,"[""2ehFijXkacypZL4jdfPm38BJnMKsN2nMHm8xekbujjdx""]",true,2,"null",FsJ3A3u2vn5cTVofAjvy6y5kwABJAqYWpe4975bi2epH,"{""accounts"":[""2ehFijXkacypZL4jdfPm38BJnMKsN2nMHm8xekbujjdx"",""5ALDzwcRJfSyGdGyhP3kP628aqBNHZzLuVww7o9kdspe"",""SysvarC1ock11111111111111111111111111111111""],""data"":""6mJFQCt94hG4CKNYKgVcwuCPPXCmcBuEsBy56kERx6qx7aMd3cMijh"",""programId"":""FsJ3A3u2vn5cTVofAjvy6y5kwABJAqYWpe4975bi2epH""}","null",a7ea6eb0df564f6d8f07efcdf9d0f6e2,2000-01-01 00:00:00.000,2000-01-01 00:00:00.000
2023-01-02 21:03:34.000,170502884,3FBPpoXRrdgM9EbCUPQF7zF71RrUo9Z1vyhLaQuoAWPTVtAAciskp32HsSfPnczFVcnPNt5ALE4n4xEme19ioQ7i,"[""JTmFx5zX9mM94itfk2nQcJnQQDPjcv4UPD7SYj6xDCV""]",true,6,"null",FsJ3A3u2vn5cTVofAjvy6y5kwABJAqYWpe4975bi2epH,"{""accounts"":[""JTmFx5zX9mM94itfk2nQcJnQQDPjcv4UPD7SYj6xDCV"",""3gRmkxULkty8XmiGidbGT8Kt9EnfsJgruacKA4ykeseC"",""SysvarC1ock11111111111111111111111111111111""],""data"":""6mJFQCt94hFzHuj3bbbnStFGgbeYicwHdgmE6ktdrt1mkbntDtFo2o"",""programId"":""FsJ3A3u2vn5cTVofAjvy6y5kwABJAqYWpe4975bi2epH""}","null",de9e2fcec260c9e4ebb46b8de39a8c68,2000-01-01 00:00:00.000,2000-01-01 00:00:00.000
2023-01-02 21:07:46.000,170503352,2XzbAkXtV2FcxJtErX9Z8f8R6ETbHJACzRt1vo9epTBCG6QTG7NVZgtRyuQv3Dh79h2YBPs5R6X8LemE8vjKG9VV,"[""HfeFy4G9r77iyeXdbfNJjYw4z3NPEKDL6YQh3JzJ9s9f""]",true,6,"null",FsJ3A3u2vn5cTVofAjvy6y5kwABJAqYWpe4975bi2epH,"{""accounts"":[""HfeFy4G9r77iyeXdbfNJjYw4z3NPEKDL6YQh3JzJ9s9f"",""8JPJJkmDScpcNmBRKGZuPuG2GYAveQgP3t5gFuMymwvF"",""SysvarC1ock11111111111111111111111111111111""],""data"":""6mJFQCt94hG4CKNYKgVcwePuFVYr6Pb1957wTGBJiNHjnjNBMqCuBu"",""programId"":""FsJ3A3u2vn5cTVofAjvy6y5kwABJAqYWpe4975bi2epH""}","null",4c610cf7f8b36e537c0ee36610b82147,2000-01-01 00:00:00.000,2000-01-01 00:00:00.000
2023-01-02 21:19:10.000,170504625,4NNwA7WyBKt21D6WiKtRFxAiot4zx6MvGpcBrqHtFimbcxLjnPbhcfiYg3dzTxZEbW9XmWscWs6bVcuS2Lmon7oW,"[""B5K8pqDPixN56hGGUqkv3YQkYEtvEYnNwVF1MnABeCmj""]",false,0,"null",FsJ3A3u2vn5cTVofAjvy6y5kwABJAqYWpe4975bi2epH,"{""accounts"":[""B5K8pqDPixN56hGGUqkv3YQkYEtvEYnNwVF1MnABeCmj"",""B8piRrj78PWq59VL5PJ4fZ8JxbsQB6sFKQTuaEEGsCuz"",""SysvarC1ock11111111111111111111111111111111""],""data"":""6mJFQAEssWE8edQADBhd4M3VS7eQDvDyz2TiwH9twD1TVbheStprpF"",""programId"":""FsJ3A3u2vn5cTVofAjvy6y5kwABJAqYWpe4975bi2epH""}","null",a1b40708635e1c40d9876480413f1da0,2000-01-01 00:00:00.000,2000-01-01 00:00:00.000
2023-01-02 21:19:57.000,170504712,2bXb5gc83HrWeYNQ1X3n8z5PJRQTgqjb81Cpv944XTi6RGFm86CqsdQW7jG7SLGScvu7aYrcRzDbyRtsf3kVQysW,"[""DgAK7fPveidN72LCwCF4QjFcYHchBZbtZnjEAtgU1bMX""]",true,1,"null",FsJ3A3u2vn5cTVofAjvy6y5kwABJAqYWpe4975bi2epH,"{""accounts"":[""DgAK7fPveidN72LCwCF4QjFcYHchBZbtZnjEAtgU1bMX"",""3NBReDRTLKMQEKiLD5tGcx4kXbTf88b7f2xLS9UuGjym"",""SysvarC1ock11111111111111111111111111111111""],""data"":""6mJFQCt94hG4CKNYKgVcwmvu4moCTbiHqjJPvNGPLpyWpWPQ1PBW23"",""programId"":""FsJ3A3u2vn5cTVofAjvy6y5kwABJAqYWpe4975bi2epH""}","null",f9d7094229c07fbdbfd49ff7d2a15253,2000-01-01 00:00:00.000,2000-01-01 00:00:00.000
2023-01-02 21:09:36.000,170503566,5odohCREGgvz39uZZk6iWR8KU93mThP7unvaC6QJAty9ALj6dYipRkJZwEQBUeunotvd51xZpPAYjJnv9jZw7vtr,"[""AyppMMH42nZVQrcxTP2zk9Psmy9quS6oF1yF4xVtjyL5""]",true,4,"null",FsJ3A3u2vn5cTVofAjvy6y5kwABJAqYWpe4975bi2epH,"{""accounts"":[""AyppMMH42nZVQrcxTP2zk9Psmy9quS6oF1yF4xVtjyL5"",""FsSM3s38PX9K7Dn6eGzuE29S2Dsk1Sss1baytTQdCaQj"",""SysvarC1ock11111111111111111111111111111111""],""data"":""6mJFQCt94hG4CKNYKgVcwnnnt9w9zZuLQwmosWrEGW4RuBTpcN89bd"",""programId"":""FsJ3A3u2vn5cTVofAjvy6y5kwABJAqYWpe4975bi2epH""}","null",0596da64a46f0cb9a8f177a8eb621687,2000-01-01 00:00:00.000,2000-01-01 00:00:00.000
2023-01-02 20:56:24.000,170502075,2a9h3P6ERGXa9J88YNM8ArrcabZWmYixTNBFcUx3bD1nzLWEdev1SFshitpxgaXKdF2MdrABLEqAwoFN66ATES3F,"[""HXnWFNs2oSfcYUojy1tAW4P3EQTamPTNSduEhPhWCCXN""]",true,6,"null",FsJ3A3u2vn5cTVofAjvy6y5kwABJAqYWpe4975bi2epH,"{""accounts"":[""HXnWFNs2oSfcYUojy1tAW4P3EQTamPTNSduEhPhWCCXN"",""3wDLxH34Yz8tGjwHszQ2MfzHwRoaQgKA32uq2bRpjJBW"",""SysvarC1ock11111111111111111111111111111111""],""data"":""6mJFQCt94hG4CKNYKgVcweedTC7cY9g8Vu8jeeK8q9GVjKhPxTWvxF"",""programId"":""FsJ3A3u2vn5cTVofAjvy6y5kwABJAqYWpe4975bi2epH""}","null",24968a1c7f34d66cec56ce618f99038b,2000-01-01 00:00:00.000,2000-01-01 00:00:00.000
2023-01-02 21:33:21.000,170506225,zZgqswatThJ6tW5NBjjCVAR1VpBGNvskkaeNHDeQT4zVii3nat9Kf2jqd2ZuouLh9rBUYRuXVUSJTtxgH3YQv2E,"[""4YfiMm6wp4M6rpyuCkF74aQmNrL2GtF72he2fCiS4Lo2""]",true,0,"null",FsJ3A3u2vn5cTVofAjvy6y5kwABJAqYWpe4975bi2epH,"{""accounts"":[""4YfiMm6wp4M6rpyuCkF74aQmNrL2GtF72he2fCiS4Lo2"",""DZYZkJcFJThN9nZy4nK3hrHra1LaWeiyoZ9SMdLFEFpY"",""SysvarC1ock11111111111111111111111111111111""],""data"":""6mJFQCt94hG4CKNYKgVcwx61sqxNL95VtjQwBXhCWiRajANmPfEUxP"",""programId"":""FsJ3A3u2vn5cTVofAjvy6y5kwABJAqYWpe4975bi2epH""}","null",43352c9c386696bea8e2e7ffa0464743,2000-01-01 00:00:00.000,2000-01-01 00:00:00.000
2023-01-02 20:47:46.000,170501090,5o5oS6tNYi8iNgwFCUr4ZACs9gDPPzfrNH52eMvv64Uuc8Rv5UouX283z1ivqsZZrWUqmdE8etZ4e6QLu3TdcHs3,"[""F2LfgbSZmJn94RepGEo1YUCqsXtxHag67er5EktXyMwc""]",true,5,"null",FsJ3A3u2vn5cTVofAjvy6y5kwABJAqYWpe4975bi2epH,"{""accounts"":[""F2LfgbSZmJn94RepGEo1YUCqsXtxHag67er5EktXyMwc"",""3bNH7uDsap5nzwhCvv98i7VshjMagtx1NXTDBLbPYD66"",""SysvarC1ock11111111111111111111111111111111""],""data"":""6mJFQCt94hG4CKNYKgVcwiJw1yotnyRZGTjbA7H6iezDKFZEq9wnoH"",""programId"":""FsJ3A3u2vn5cTVofAjvy6y5kwABJAqYWpe4975bi2epH""}","null",73fa2ca80fe074d33b4a694d3626a57e,2000-01-01 00:00:00.000,2000-01-01 00:00:00.000
2023-01-02 20:57:44.000,170502217,4y7QZowfodAV61pA3ZYkjRG4N1rF1Kb75SipmGktQC5qVjJ5QeE94MzkVVKtw2dw8ARmZuGXZUUFeoqoq4ijMeS5,"[""JTmFx5zX9mM94itfk2nQcJnQQDPjcv4UPD7SYj6xDCV""]",true,3,"null",FsJ3A3u2vn5cTVofAjvy6y5kwABJAqYWpe4975bi2epH,"{""accounts"":[""JTmFx5zX9mM94itfk2nQcJnQQDPjcv4UPD7SYj6xDCV"",""2jsfuMCxoU2ZPocj5saqN9yAcqRbPrXqBXtthSbJH58P"",""SysvarC1ock11111111111111111111111111111111""],""data"":""6mJFQCt94hFzHuj3bbbnStFGgbeYicwHdgmE6ktdrt1KA2Si8jBHBm"",""programId"":""FsJ3A3u2vn5cTVofAjvy6y5kwABJAqYWpe4975bi2epH""}","null",1caaf9d1290bf6c702c5240452d52627,2000-01-01 00:00:00.000,2000-01-01 00:00:00.000
2023-01-02 20:50:45.000,170501459,5wfX3mZruu9XquGcuvte4k3ATNWm2q9WNnx8vuCQzpfJ2aVFs4iomKjPHzzzyBVT2FZh56tP2KiRx79czzZXujLP,"[""JTmFx5zX9mM94itfk2nQcJnQQDPjcv4UPD7SYj6xDCV""]",true,9,"null",FsJ3A3u2vn5cTVofAjvy6y5kwABJAqYWpe4975bi2epH,"{""accounts"":[""JTmFx5zX9mM94itfk2nQcJnQQDPjcv4UPD7SYj6xDCV"",""81Rz3i7MC9nHYo1vQg6kJM5hepjqb63Y1gnr3AkrD36D"",""SysvarC1ock11111111111111111111111111111111""],""data"":""6mJFQCt94hG4CKNYKgVcwodh8uiX7riea4XDGhu1J9A1acSmwDq4Tq"",""programId"":""FsJ3A3u2vn5cTVofAjvy6y5kwABJAqYWpe4975bi2epH""}","null",b804c8af5af3665d8d0c1da990348faa,2000-01-01 00:00:00.000,2000-01-01 00:00:00.000
2023-01-02 20:54:12.000,170501832,2C5YbRCQ3CLy36Jv6cbdRi8A4UEV9oBkBKEt8xU6qkiceqJVXZ4ftgqR8UMUtmEiHJmCaByaPF314TLXeAjTpnMx,"[""F2LfgbSZmJn94RepGEo1YUCqsXtxHag67er5EktXyMwc""]",true,1,"null",FsJ3A3u2vn5cTVofAjvy6y5kwABJAqYWpe4975bi2epH,"{""accounts"":[""F2LfgbSZmJn94RepGEo1YUCqsXtxHag67er5EktXyMwc"",""4ivThkX8uRxBpHsdWSqyXYihzKF3zpRGAUCqyuagnLoV"",""SysvarC1ock11111111111111111111111111111111""],""data"":""6mJFQCt94hG4CKNYKgVcwebVq84reaSEXy2LawYpUqeiCSQ2jNjTVZ"",""programId"":""FsJ3A3u2vn5cTVofAjvy6y5kwABJAqYWpe4975bi2epH""}","null",557b2b497cd7951b2181630cd1188011,2000-01-01 00:00:00.000,2000-01-01 00:00:00.000
2023-01-02 21:29:51.000,170505828,2TywamvbDoPjEtsMDvu9qw6c9vPHXhBeYwQeydyX9CaU9VpKsHmadLthUyrMuFKazKwL1rwGboRyoDoL71P4zYHv,"[""DgAK7fPveidN72LCwCF4QjFcYHchBZbtZnjEAtgU1bMX""]",true,4,"null",FsJ3A3u2vn5cTVofAjvy6y5kwABJAqYWpe4975bi2epH,"{""accounts"":[""DgAK7fPveidN72LCwCF4QjFcYHchBZbtZnjEAtgU1bMX"",""3NBReDRTLKMQEKiLD5tGcx4kXbTf88b7f2xLS9UuGjym"",""SysvarC1ock11111111111111111111111111111111""],""data"":""6mJFQCt94hG4CKNYKgVcwmvu4moCTbiHqjJPvNGPLpy44VkaCmPnym"",""programId"":""FsJ3A3u2vn5cTVofAjvy6y5kwABJAqYWpe4975bi2epH""}","null",57fbbacfbd7e745bd58711b196387f67,2000-01-01 00:00:00.000,2000-01-01 00:00:00.000
2023-01-02 21:27:13.000,170505542,5VtuxspZgAggNztdguxjaqorDT3DMsazDvjRFookWFUAVVR6GsF2AbD7eeafew7XvjL88K3KGTLoWeaERcLyc8Lg,"[""4YfiMm6wp4M6rpyuCkF74aQmNrL2GtF72he2fCiS4Lo2""]",true,0,"null",FsJ3A3u2vn5cTVofAjvy6y5kwABJAqYWpe4975bi2epH,"{""accounts"":[""4YfiMm6wp4M6rpyuCkF74aQmNrL2GtF72he2fCiS4Lo2"",""AnLf8tVYCM816gmBjiy8n53eXKKEDydT5piYjjQDPgTB"",""SysvarC1ock11111111111111111111111111111111""],""data"":""6mJFQCt94hG4CKNYKgVcwjBz6d8ejq7GXo3gGH97v6LJ9GYLnTLe4f"",""programId"":""FsJ3A3u2vn5cTVofAjvy6y5kwABJAqYWpe4975bi2epH""}","null",cd37e9649e59a1bae961e97b4c369dde,2000-01-01 00:00:00.000,2000-01-01 00:00:00.000
2023-01-02 21:39:00.000,170506853,2b4zQgxvC5MsxzuaTdMw8NnuHp9jVqsPCNGeQCBHfXQPjM9J2gxmFLqCFS9Wc6EKvazXVXCf9FhHDHksR2FwgwTS,"[""JTmFx5zX9mM94itfk2nQcJnQQDPjcv4UPD7SYj6xDCV""]",true,2,"null",FsJ3A3u2vn5cTVofAjvy6y5kwABJAqYWpe4975bi2epH,"{""accounts"":[""JTmFx5zX9mM94itfk2nQcJnQQDPjcv4UPD7SYj6xDCV"",""H8DvrfSaRfUyP1Ytse1exGf7VSinLWtmKNNaBhA4as9P"",""SysvarC1ock11111111111111111111111111111111""],""data"":""6mJFQCt94hFzHuj3bbbnStFGgbeYicwHdgmE6ktdrt1QMSrnpkLdEw"",""programId"":""FsJ3A3u2vn5cTVofAjvy6y5kwABJAqYWpe4975bi2epH""}","null",84f77e34c4f35fb2d7630399da3611d0,2000-01-01 00:00:00.000,2000-01-01 00:00:00.000
2023-01-02 20:43:50.000,170500627,5ahywa3A1ijN71GpS8YSzrc49bUzE4gJRaNfsomie7F2wbpQ12q2WoEHftJ18oVsZNJ39XZgXYr8XPbuYQVgvuAs,"[""2oz91K9pKf2sYr4oRtQvxBcxxo8gniZvXyNoMTQYhoqv""]",true,1,"null",FsJ3A3u2vn5cTVofAjvy6y5kwABJAqYWpe4975bi2epH,"{""accounts"":[""2oz91K9pKf2sYr4oRtQvxBcxxo8gniZvXyNoMTQYhoqv"",""5ALDzwcRJfSyGdGyhP3kP628aqBNHZzLuVww7o9kdspe"",""SysvarC1ock11111111111111111111111111111111""],""data"":""6mJFQCt94hG4CKNYKgVcwoLp5JM4qr2pYsJt4Tbv3CGzKwdejVuTgb"",""programId"":""FsJ3A3u2vn5cTVofAjvy6y5kwABJAqYWpe4975bi2epH""}","null",5605daf8c9aa6cb011e85ae774829898,2000-01-01 00:00:00.000,2000-01-01 00:00:00.000
2023-01-02 21:37:43.000,170506704,4LMRE8W2qpY1zscxcBBKA7jd9cfBvcUf6pUyi9E4C8JCXz8hhHvt31KVCujnDoVm7N1VM1XAhFAUq3SqKNdPm7hS,"[""JTmFx5zX9mM94itfk2nQcJnQQDPjcv4UPD7SYj6xDCV""]",true,7,"null",FsJ3A3u2vn5cTVofAjvy6y5kwABJAqYWpe4975bi2epH,"{""accounts"":[""JTmFx5zX9mM94itfk2nQcJnQQDPjcv4UPD7SYj6xDCV"",""2TdKEvPTKpDtJo6pwxd79atZFQNWiSUT2T47nF9j5qFy"",""SysvarC1ock11111111111111111111111111111111""],""data"":""6mJFQCt94hG4CKNYKgVcwuCRps5C9BW7vF5aMTCVtHTKnbZ7PxKYU7"",""programId"":""FsJ3A3u2vn5cTVofAjvy6y5kwABJAqYWpe4975bi2epH""}","null",e776a50d79be1927104eed5a799e0968,2000-01-01 00:00:00.000,2000-01-01 00:00:00.000
2023-01-02 21:21:53.000,170504941,4Bwik9UhmzF7sShH2mLHqUZb7f1g6pqjYBeEjao2ZzHHGQYweeob6RJx5bFpG35sfFevFaVCzHkuUGgpxRTKbEXv,"[""JTmFx5zX9mM94itfk2nQcJnQQDPjcv4UPD7SYj6xDCV""]",true,6,"null",FsJ3A3u2vn5cTVofAjvy6y5kwABJAqYWpe4975bi2epH,"{""accounts"":[""JTmFx5zX9mM94itfk2nQcJnQQDPjcv4UPD7SYj6xDCV"",""8Lf8PjxiEV9qtvG2ERmbqiLBmYRYBUhP5bPYYppEraJ7"",""SysvarC1ock11111111111111111111111111111111""],""data"":""6mJFQCt94hG4CKNYKgVcwqZuomRutNHXPTiipdxryPaM6YNHxAdHtb"",""programId"":""FsJ3A3u2vn5cTVofAjvy6y5kwABJAqYWpe4975bi2epH""}","null",991c5da1ca5d2e36b686354b846ff097,2000-01-01 00:00:00.000,2000-01-01 00:00:00.000
2023-01-02 21:29:43.000,170505811,5DZcXLoZjYyk7WPbFUjvp7b8to2x97vjz9M73bnekL4vSMLeyBNckAn4LpxUVhtDqZSNRyu2v246V4f6AJ2rWmym,"[""JTmFx5zX9mM94itfk2nQcJnQQDPjcv4UPD7SYj6xDCV""]",true,2,"null",FsJ3A3u2vn5cTVofAjvy6y5kwABJAqYWpe4975bi2epH,"{""accounts"":[""JTmFx5zX9mM94itfk2nQcJnQQDPjcv4UPD7SYj6xDCV"",""9j2xgDVWMY4WZXSj4AL4asCBtzCXz8jqRcDMbcVeZgNU"",""SysvarC1ock11111111111111111111111111111111""],""data"":""6mJFQCt94hFzHuj3bbbnStFGgbeYicwHdgmE6ktdrt1M1GcbCTAoH1"",""programId"":""FsJ3A3u2vn5cTVofAjvy6y5kwABJAqYWpe4975bi2epH""}","null",7f089cb3fdcae0f2aadbe211668731fa,2000-01-01 00:00:00.000,2000-01-01 00:00:00.000
2023-01-02 20:47:27.000,170501050,ZXHizhmuC7zHU8k2FjcFcMnfCX95c5bgZpPA8f8wZFUiHj2M4TXPfxKjdhLRzqRwthTrSs9pFbCQv1N7GqQP7ev,"[""DgAK7fPveidN72LCwCF4QjFcYHchBZbtZnjEAtgU1bMX""]",true,1,"null",FsJ3A3u2vn5cTVofAjvy6y5kwABJAqYWpe4975bi2epH,"{""accounts"":[""DgAK7fPveidN72LCwCF4QjFcYHchBZbtZnjEAtgU1bMX"",""3pyn4svBbxJ9Wnn3RVeafyLWfzie6yC5eTig2S62v9SC"",""SysvarC1ock11111111111111111111111111111111""],""data"":""6mJFQCt94hG4CKNYKgVcwrAjxSeKcE2v5YxmAsfzWYjeVyAczWu6RD"",""programId"":""FsJ3A3u2vn5cTVofAjvy6y5kwABJAqYWpe4975bi2epH""}","null",02b0aadc3c8c8c4581944fb5e8cd41df,2000-01-01 00:00:00.000,2000-01-01 00:00:00.000
2023-01-02 19:47:55.000,170494159,4YnZYY9PVVB8DnYvdoDXPXVQg4EgFTng2udkAtMaMeCTGpGLkAu122SVd3aoRet5jsQ4cQa8KKziwE4AXLEAnQ6t,"[""JTmFx5zX9mM94itfk2nQcJnQQDPjcv4UPD7SYj6xDCV""]",true,4,"null",FsJ3A3u2vn5cTVofAjvy6y5kwABJAqYWpe4975bi2epH,"{""accounts"":[""JTmFx5zX9mM94itfk2nQcJnQQDPjcv4UPD7SYj6xDCV"",""AtZbXC9LFhSPxYikz78CaLUuDZcmweWLY96eRJbzspB8"",""SysvarC1ock11111111111111111111111111111111""],""data"":""6mJFQCt94hFzHuj3bbbnStFGgbeYicwHdgmE6ktdrt1Z21wVHLgRV1"",""programId"":""FsJ3A3u2vn5cTVofAjvy6y5kwABJAqYWpe4975bi2epH""}","null",a50253204ae8aca7b679dffa335317ef,2000-01-01 00:00:00.000,2000-01-01 00:00:00.000
2023-01-02 20:47:56.000,170501112,4uJhYLCQh1sQc69GtYq29PiNGwe3dVFUeM5t6ai3WpHVzxgNfv9uxphuK5cFhNUhQdV2CvDnNWcok58HUTvMCxmv,"[""AyppMMH42nZVQrcxTP2zk9Psmy9quS6oF1yF4xVtjyL5""]",true,5,"null",FsJ3A3u2vn5cTVofAjvy6y5kwABJAqYWpe4975bi2epH,"{""accounts"":[""AyppMMH42nZVQrcxTP2zk9Psmy9quS6oF1yF4xVtjyL5"",""E4v1BBgoso9s64TQvmyownAVJbhbEPGyzA3qn4n46qj9"",""SysvarC1ock11111111111111111111111111111111""],""data"":""6mJFQCt94hG4CKNYKgVcwnyYPr9Px68BTwWMJKdTv3e19f38KhExpP"",""programId"":""FsJ3A3u2vn5cTVofAjvy6y5kwABJAqYWpe4975bi2epH""}","null",8d83bd772ebddef2f33c3ca1566ab9c9,2000-01-01 00:00:00.000,2000-01-01 00:00:00.000
